,mkt_beta,smb_beta,hml_beta,wml_beta
A,1.1289707276207313,0.20768233653562046,-0.2572030438394812,-0.09956971092455165
AAL,1.3259253310598604,0.7267135870777818,0.761725779039253,-0.44067968091511256
AAP,0.7957983609305379,0.3244476759912338,0.22018591479508903,-0.05075760181943945
AAPL,1.1504089357053875,-0.14955773159767233,-0.45347561522980917,0.034337141087584365
ABBV,0.6535523792247835,-0.26447551659189505,0.11016081366558345,0.0688863287071873
ABNB,1.3415068840773667,0.4418386143904478,-0.3128961958008112,-0.27668544602779177
ABT,0.6961205212680845,-0.2966653115397969,-0.15026580734284053,0.033195050608170656
ACGL,0.7261120679113227,-0.018640868271358503,0.5887622201033342,0.10203122072443928
ACN,0.962954507225756,-0.06996046202540507,-0.14460213825976953,-0.038688474781464845
ADBE,1.3014085176173318,-0.07635186858729645,-0.6845469577734665,-0.035600525986914586
ADI,1.2228124055658316,0.2656634177777185,-0.34227806239685626,-0.09634676314524526
ADM,0.8305231973534828,-0.15729857635738845,0.5104336591102849,0.06580596469855055
ADP,0.8773048137258135,-0.14192214826655236,0.06183790893588326,0.002933024815873088
ADSK,1.2647985987951131,0.37118361704325353,-0.42085252901296644,-0.1036736846569001
AEE,0.6070596010847984,-0.33172964835682417,0.2209269315790625,0.05774879097825464
AEP,0.5622904574329384,-0.3784280330722435,0.1825480328632883,0.008535654522820315
AES,1.0739885433307321,0.1912305328093059,0.33197632308435177,-0.14203737548138562
AFL,1.0678800020202748,-0.2077123198164123,0.8355967724079844,-0.06655731896160404
AIG,1.3517791306074671,-0.2932998780638159,1.1268571672401908,-0.21021410402963597
AIT,1.0086771431261012,0.895061010776821,0.6613142734185955,0.11598822320804668
AIV,1.0376526747243826,0.2534262732498504,0.6497247405127513,-0.16014421139527263
AIZ,0.925780500275431,-0.07443231600953872,0.613233530527989,0.01693501084809702
AJG,0.7279913035948733,-0.09999331116461596,0.21745523559458255,0.08302481038887805
AKAM,1.178068824476898,0.2342404919530614,-0.4615523833627677,-0.0831930681976969
ALB,1.1826303642460791,0.5832260558984453,0.25263122205997113,-0.10229712963654042
ALGN,1.2600598274253292,0.7549938413636651,-0.41436667809915934,-0.20101312571065275
ALK,1.1187135161848196,0.6802923989048512,0.6458776155439785,-0.2048426958109733
ALL,0.9279078872169202,-0.27602430770881936,0.6710620512679009,0.01709816045688976
ALLE,0.9555243825369089,0.1781939326990246,0.22577034622491796,-0.1280083470730646
AMAT,1.448444788553247,0.2344716646908467,-0.443838119535774,-0.05567928809520316
AMCR,0.6511768249554547,0.037727186343795654,0.2938746067575517,-0.11282665824348564
AMD,1.5592836783189652,0.33361860543288413,-0.7028333830074154,-0.17236439950561366
AME,0.9718499989218761,0.16270970561338233,0.25650046914304303,0.025812233730546044
AMG,1.3585071406536149,0.37255481616677766,0.597626996807479,-0.22015207120053032
AMGN,0.7932217578177638,-0.14713890609202035,-0.13190171285684352,0.12506758675492957
AMT,0.8935437981007344,-0.08340473567029347,-0.10749244115592368,-0.0819718428914332
AMZN,1.2349964216265668,-0.04384549855215528,-0.7967819778413465,-0.0834425433570207
AN,0.9656192577230114,0.6529951250669599,0.5556680643100205,-0.12229019237311937
ANET,1.2682241665503682,0.07206569682356583,-0.44879081278614763,0.14489278840951267
ANF,1.1239898384621023,0.8641176314584187,0.3126365926144038,-0.2526178792549444
ANSS,1.0815519743102682,0.2926115090346605,-0.42361592635394163,-0.009229450790064982
AON,0.7609924345216613,-0.24627301033219193,0.15099820733831404,0.044623776196122296
AOS,0.8794485820029707,0.4440405057815069,0.2845082692835198,-0.04084600870376008
APA,1.217028508770193,0.4020722609520386,1.1407351108246884,-0.08431755784670988
APD,0.9202471192839389,-0.17528067027903632,0.19620530583856133,-0.02366703131578647
APH,1.0972352990438408,0.25768430445696755,-0.048401446032939215,-0.028020883456087012
APO,1.3000889214575688,0.10338222548092155,0.24592895901976825,-0.05322364772398159
APTV,1.3386862711798062,0.6308941761319944,0.3295544553736649,-0.14164888468185977
ARE,0.9008423984108481,0.2586518965776645,0.32920600519516624,-0.10608914327952426
ASH,1.0038137107370928,0.3036604458377903,0.5051070719481062,-0.0340569989288792
ATGE,0.7513876951928904,0.6467611075595893,0.21655139471807178,0.08476385522440025
ATO,0.5774603857815437,-0.039785935798095994,0.2508935303640159,0.07096989846810703
AVB,0.8548847631150349,0.05804195259755482,0.47663707271110306,-0.13956426624598395
AVGO,1.354917756809991,0.08387195603827798,-0.2721518385952223,0.1961181731977006
AVY,0.9531582849533923,0.0037581255290024887,0.30459875973129713,-0.050732081781666306
AWK,0.596762700947661,-0.19444191418974216,-0.037822601808594036,0.011092333215002553
AXON,1.158131715504949,0.7578711641373816,-0.18285710307711564,0.02452337504564122
AXP,1.2674549557355523,-0.16886630379341738,0.6318683346975251,-0.21866845734124216
AYI,1.0920316811912942,0.6640281019176695,0.47832654530682267,-0.023212674108536918
AZO,0.6909021400691311,-0.08791171137447078,0.13522338318203656,0.09042038261595639
BA,1.0936624217174482,0.1991589620432599,0.37768587030178824,-0.130077862980413
BAC,1.3766542997696884,-0.3116604900174724,1.2694472711537532,-0.3318615569197558
BALL,0.8029042329164764,-0.008865624194940108,0.04775735665784071,-0.018229206437663202
BAX,0.6307886002172272,-0.19127859368448036,0.012757103655137724,0.010148562143008306
BBWI,1.1417512329894728,0.5056003714808496,0.3842547981099858,-0.2233026586214448
BBY,1.0632453043664067,0.3806416382077905,0.03492850909496499,-0.16299584256191557
BC,1.3683681389235214,0.8996496919928689,0.6160224843248543,-0.17518334199971453
BDX,0.5787677338249604,-0.10922351483170278,-0.018232801934043516,0.07103647346782918
BEN,1.2246289986627128,0.168211948602783,0.5450208547840405,-0.24048421270816248
BG,0.7747756049482635,0.12190361076183093,0.518133497654578,0.08087918040882597
BHF,1.6475655495521004,0.4157701816837875,1.2625200193698396,-0.2019868798405968
BIIB,0.9479381531220001,0.18523255856857876,-0.37041132794161846,0.1137484377273462
BIO,0.7644788024187943,0.2936342132597417,-0.22163378991748717,-0.02404128096881257
BK,1.1994024688661162,-0.2607309481669079,0.7804931674233325,-0.14044859691906242
BKNG,1.1755016633649902,0.28623908228803396,-0.15201905937330482,-0.13865170942165306
BKR,1.0972390958795906,0.18024466621289717,0.8942331757751159,0.00511797885904316
BLDR,1.59274336214839,1.282331229171633,0.519904148692404,0.00726133607792008
BLK,1.1568903116492097,0.06561387632007326,0.3341495467089305,-0.02596011557998934
BMY,0.6110481255712773,-0.1996673545260056,0.045001640776052024,0.021837875927586167
BRO,0.7729098054722312,-0.004543873312311584,0.18391847166914455,0.05773623679797955
BSX,0.9187611999285707,-0.05928073907839696,0.04167525899096584,0.014372328676832025
BWA,1.080454710216301,0.48762169392133065,0.5198232471542781,-0.14314290900354343
BX,1.3737356580939744,0.21629680056332706,0.06506698486526681,-0.21797270965865836
BXP,0.9500523531146167,0.36581128056433065,0.7198835037134956,-0.24234173276367968
C,1.4588060652112895,-0.26227558805873463,1.1611064189169098,-0.3662831827086793
CAG,0.4230731272199476,-0.1332995074581385,0.19419336930325992,0.054889684983134276
CAH,0.7170805476649508,-0.09223591607990818,0.22663583958429634,0.0021770707547098724
CAR,1.5281779756804594,1.1270813186499582,0.7744003637344438,-0.39123687777048105
CARR,1.0219774088033793,0.3695991303233224,0.253526009915701,-0.015040608121111078
CAT,1.0513081253339829,0.196969503820299,0.5552412145088088,-0.032174587201567496
CB,0.8981448767253177,-0.256582765963737,0.606612658327889,0.03678311161964211
CBOE,0.5482879420026987,-0.10550870574175607,0.14033038731238218,0.052631209347164386
CBRE,1.4339620836293285,0.3099235132249393,0.5638673590181732,-0.33937807704558254
CCEP,0.7508769048142814,-0.13250754004203058,0.19646199860641433,-0.06515812631891335
CCI,0.8887815077266965,-0.08038541091418647,-0.05521782460905007,-0.11639629751937715
CCK,0.9401329586152806,0.10611664684379975,0.1986233476991497,-0.03685227214482477
CCL,1.3093097984243691,0.5748259700056575,0.4880619734153864,-0.47720151276674194
CCU,0.5456608870846291,0.08081621045105897,0.11980513414515091,-0.059351520901010466
CDNS,1.2227579734549987,0.056343211319890604,-0.42693537551637656,-0.00595061330110758
CDW,1.0784143697264534,0.1386788860757897,0.14942959744494339,-0.0035408714755675256
CFG,1.3429893368363115,0.4692470930999429,1.362394105971729,-0.15362523880240944
CHD,0.46425626029785305,-0.2246611070916566,-0.024163725048554123,0.1065249771390356
CHRW,0.7280077063972543,0.20234966629060602,0.1458307676764612,-0.03846652560339304
CHTR,0.7984371706917819,-0.027863189468410772,-0.08985950059050027,-0.11287223171928329
CI,0.9199920009185155,-0.2896439596440991,0.43884689467753946,0.027714939466225896
CIEN,1.3780542051265412,0.6346346027966585,-0.2787424460735872,-0.12478888075123215
CINF,0.9859090079671387,-0.2366125325122183,0.7105644763756748,-0.017329378434061835
CL,0.5310986244418112,-0.3685765373366052,0.04414125440558563,0.06581142173219108
CLF,1.5123920526377257,0.95618420701131,0.847342238974355,-0.14685979280692923
CLX,0.4147771106876683,-0.23533801911985958,-0.056585726496397724,0.061444828147069676
CMA,1.2253749512840424,0.34795191514810697,1.439676921775095,-0.2729187802240003
CMCSA,0.9714458858685562,-0.23400394175859068,0.16837470787803036,-0.08667951439227642
CME,0.9149523376573332,-0.24725425425335643,0.4024766849602843,0.025230229091955193
CMG,0.9193855601708275,0.26939328488346903,-0.31025339493672577,0.02787753505809057
CMI,1.1419743746500197,0.14177218196135086,0.48487082166501105,-0.07777900506843966
CMS,0.6062968581528354,-0.30990514970565985,0.20734913527537666,0.011414476227125266
CMVT,0.8836926770905301,0.22176793449924403,-0.9717801500612442,-0.20040128252240402
CNP,0.7334991110978231,-0.17578812765547513,0.4064424442159983,0.032918196483761104
CNX,1.0990713640075036,0.4152645688790354,0.723948897553198,-0.13269690827272046
COF,1.4349545350229183,-0.001183399948530773,0.9999445310591373,-0.31596090328986093
COO,0.7686091807653282,0.20185908088424592,-0.0561190120381071,-0.07773109569731562
COP,0.9979315364721699,0.0035389392283221577,0.910767642802418,0.04430573274435861
COR,0.6476193805669755,-0.06203654318538385,0.18126055163732802,0.1038812513904643
COST,0.7831005149164683,-0.23799735541867129,-0.21341102624014918,0.04840418557666141
COTY,1.1578978969453313,0.742754554744873,0.39990950543001885,-0.3458590030868781
CPAY,1.0615876755666365,0.09304676767601844,0.2637103264735071,-0.1366965111527252
CPB,0.39543067765977313,-0.30269399804308117,0.13742306223158274,0.09850517381326696
CPRI,1.299550914361411,0.7203053794996863,0.6063140144344614,-0.39515660118594714
CPRT,0.8694358714734286,0.2721806511005028,-0.1196946707273559,0.03618083428406619
CPT,0.8384771723818141,0.15150880918936832,0.4714966625175993,-0.132538584581748
CRL,0.9365390044382786,0.4789817332496289,-0.19904814768568738,0.07629210943164247
CRM,1.2878356739626362,0.13403210113842595,-0.5624331020392692,0.008190572396097726
CRWD,1.2265535075698035,0.4350061714529482,-1.070619345560197,0.11919777864593782
CSCO,1.0914480573561995,-0.14630580146959707,-0.19770565053866063,-0.12927644187305487
CSGP,0.9700380452707388,0.5052646091514231,-0.28526418206930204,-0.07517117363308605
CSR,0.668199080449317,0.5014914611319244,0.3695416142967874,-0.07876215589052005
CSX,1.0253213942466737,0.034529998952745694,0.387368053246431,-0.03018471679402895
CTAS,1.0147861202151855,-0.05692964656645934,0.08018027809829559,0.0092901410512726
CTRA,0.9579627528221185,0.15250387387391168,0.6427836226378151,0.12393977578439201
CTSH,1.1393399643137743,0.18731616728449768,0.004768731948903794,-0.01282532390141138
CTVA,0.8577109578333578,0.2570302772779728,0.5803831646400082,0.05460440725368444
CVS,0.6945984964106405,-0.13801779462792158,0.32231998365667636,0.014607889905247464
CVX,0.9129174676578603,-0.12135556743926233,0.7205241276525987,0.04385121320402211
CZR,1.8020696408913044,1.0743743894409965,0.32273793207645773,-0.34790807851048333
D,0.5629175271934607,-0.33910397182412993,0.21497538151063506,0.0425142179385763
DAL,1.1645140265100224,0.5324782282928948,0.6616395882056552,-0.2541704685068795
DAY,1.2548322143809714,0.5725478851919104,-0.5560803583310011,-0.28953332455554415
DD,1.0987455250109517,0.09295286286689204,0.5066690173233761,-0.1059823546144443
DDS,1.162651397591625,0.8486262303056544,0.8060293303279189,-0.2744327492767374
DE,1.0060724394501528,0.1413599395309188,0.4835413745985889,0.0024931553979315145
DECK,1.0553922881272877,0.7481650143273816,0.1311578245771926,0.049204759687944785
DGX,0.6404312901953015,0.004464095670506764,0.057355169621108634,0.05679934351514506
DHI,1.22081640165967,0.5208059318349864,0.3147043838981006,-0.057528821294762986
DHR,0.8748344320569854,-0.06303540221662514,-0.18976219015326296,-7.588065506876004e-05
DIS,0.9759073640569081,-0.030570201934658415,0.10798862727930827,-0.20847268588296383
DLR,0.8866232231989519,-0.12197965502915081,-0.06397485179672432,-0.10184279941466742
DLTR,0.7344124945094935,0.09528808150909025,-0.022196393499784167,-0.02027253224471875
DLX,1.062076585655836,0.8870801508483077,0.8549855509614128,-0.16290284637986335
DOC,0.9059305993641458,0.13554313726615308,0.4981316239918844,-0.16085763958593735
DOV,1.038662219989234,0.19060552236245026,0.3693988222202802,-0.09108644097440265
DPZ,0.7567121082339957,0.31650619383618595,-0.16939356507193806,0.009611228246747566
DRI,0.940662129768083,0.2861154606923361,0.40514083318639993,-0.09251392895862173
DTE,0.6166128982974959,-0.19161843177315568,0.35688252790087904,0.0412783347684628
DUK,0.5444397283595915,-0.3473792575932536,0.23258603464637587,0.0349251325307714
DVA,0.6442627727672,0.1914190564654349,0.11431564364933933,0.04775465193221805
DVN,1.1558949947922033,0.38135390307715933,1.0736050635895913,-0.039058331858743876
DXC,1.1963694213048368,0.3693849050345485,0.5193037521333452,-0.10820217452818252
DXCM,1.1019164529776837,0.5107914087981336,-0.5276475428506324,-0.028035269846946258
EA,0.9264639464540667,0.012700397793074837,-0.28216625131960915,0.07769217970786867
EBAY,1.0624207796978968,0.1389086703706279,-0.3796332076682055,-0.10091211669711897
ECL,0.8767451495045312,-0.09974222333960922,0.08636750794797714,-0.06697620340569213
ED,0.43741159035748367,-0.3403887867845864,0.20338322725108363,0.048912221038248
EFX,0.9145801968220074,0.06789573581949368,-0.06733949364565475,-0.0915873201059884
EG,0.7899613488026493,-0.1423738020378024,0.5186213099296508,0.07777339932806082
EHC,0.8633252959480094,0.31759222587358116,0.2535960620373809,-0.046773618113837255
EIX,0.691739224055959,-0.28631950509877785,0.30657245664800703,0.015081907730996057
EL,0.8699609338512699,0.027805956841022945,-0.02780107090351644,-0.13207227852069586
ELV,0.8467687913645976,-0.2540110632469235,0.2524580394248976,0.10590276868668258
EMN,1.059026929550036,0.21785677680724203,0.5843378869915576,-0.1186707119272212
EMR,1.034532776604758,0.07153337194304442,0.4611393892310332,-0.055085217263773925
ENPH,1.4190250585548028,1.5152686887364917,-0.5233814860347289,-0.023738443935994127
EOG,1.0318407962483456,0.17814153165129037,0.9230326724692661,0.01448760959787232
EP,0.31026975786930805,0.5841337780331428,0.3297052646160595,0.09178072588385024
EPAM,1.245884527105292,0.3049914044061886,-0.5206396002497439,-0.07382849253208551
EQIX,0.9754772179817955,0.052948874791930396,-0.29022612309659845,-0.04752185571984872
EQR,0.8821497334875154,0.09913717516030296,0.5147605781468455,-0.17167731744622877
EQT,0.9149706229541879,0.23880660553569089,0.699759251533827,0.08436298410847498
ERIE,0.6606133982273711,-0.012260613200572548,0.22253796257916567,0.08615341517260992
ES,0.5687209241837763,-0.23559054636871424,0.15549582288909117,0.05964468900758289
ESS,0.8139728532228201,0.1601586293233897,0.3998176856576914,-0.09610605426759337
ETN,1.0921493348195785,0.1081710185605337,0.37880026539134515,0.029336014156511558
ETR,0.6159054022158961,-0.32771227838295613,0.29343626286089686,0.09858459416666557
ETSY,1.246121255945897,0.9282647449681393,-0.9919723652359715,-0.13455564885877896
EVHC,0.7213576223664188,0.7323170802185865,-0.1403895487234143,-0.08686736217638613
EVRG,0.6300891613814218,-0.15746537563690632,0.2641496736566703,0.036733205226090734
EW,0.7841872907656208,0.015162706712341826,-0.3093288346904178,0.0019471480618426691
EXC,0.6965856070079858,-0.2885486827091981,0.28294615582930854,0.04171978158037067
EXPD,0.9025804919074267,0.13340361247559465,0.04468163288100985,-0.062290247261502354
EXPE,1.132817373299062,0.40134656353637943,0.09639359263098629,-0.2802994999057785
EXR,0.8524643182699374,0.10434307942096202,0.18028361290666245,-0.11322772275704579
F,1.1084581705754184,0.270961550141275,0.5479308972563327,-0.2470723406725791
FANG,1.237070217604919,0.4416282789865674,1.3221544458702126,-0.14306328784100458
FAST,0.9854581000284928,0.11452781325180139,0.0769670908256434,0.005163563251670156
FCPT,0.9391520230444329,0.1727154661604286,0.4521435333808216,-0.07496678265261097
FCX,1.4246771455243286,0.4131081225736438,0.5987513042223372,-0.08812652378791885
FDS,0.924599908991229,0.10261794220416288,-0.04083044484930728,-0.0031727260592753284
FDX,0.9838185170663541,0.22193635219468408,0.22545778365508976,-0.1152331021730475
FE,0.6409489998794022,-0.3072645513958373,0.20042024608920728,0.05480133367654067
FFIV,1.1153519364010893,0.5144939328101024,-0.3748488391215473,-0.13852180453145385
FHN,1.166355545727979,0.35029299589621854,1.408134178037131,-0.1642984672952705
FI,1.0094765804224146,-0.10750059392448993,0.05204296745871124,0.03480731680536351
FICO,1.1235997328415785,0.361193440394331,-0.07129788512951903,0.017571919427002012
FIS,0.9558962377853255,-0.05269550791791422,0.08945482287680372,-0.027841594041870248
FITB,1.3875930060482942,0.050501300775180336,1.4494686906144831,-0.27503099576268997
FL,0.9118413952953268,0.7846581743445498,0.5025972769341638,-0.23095104920861326
FLR,1.2575043259729743,0.8190719171505724,0.8874543148021552,0.00517816118311892
FLS,1.1878715542309075,0.43659621557616657,0.6366463408832094,-0.1918364388499114
FMC,1.0667925727967336,0.22183568269327594,0.4599674031234163,-0.004844061969964993
FMCC,0.9121362040084586,-0.08866699933630952,0.5826919510821,-0.3318779893723139
FNMA,0.9023475504944313,0.0007867601415443987,0.5829867077126034,-0.30571823981491886
FOSL,1.014292424531346,1.5665509914863125,0.3479938432862416,-0.5560178946286586
FRT,0.8377006767591573,0.36468411385051847,0.6367733188634139,-0.21014613984130986
FSLR,1.1536269713270222,0.6610822800127244,-0.11364991841022531,-0.08537189711521019
FTI,1.1938770667532435,0.48152941445383973,1.0401881799682076,0.02023860963291208
FTNT,1.1780692477196313,0.08269142635387994,-0.6129649975049556,0.048196972265992954
FTV,0.9853181972842873,0.1252991495686139,0.24881752010910368,-0.09568822673912841
GD,0.759175076298291,-0.057428481041856425,0.37601552986068554,0.046943898041563195
GDDY,1.035881569921452,0.18240389483497166,-0.3497854250934434,0.09896797774767319
GE,1.0729320771241782,-0.03409768934440865,0.46685896221411016,-0.19739307163181682
GEHC,0.8729220730542272,0.13106713287387856,-0.11752845442269112,-0.23721666968850486
GEN,0.8688367033903273,0.1232128493987098,-0.156789280260031,-0.05746601732269556
GHC,0.7061069980901339,0.44668217441669733,0.4538120103271518,-0.018607705625367406
GILD,0.7687113961995813,0.02274114729594827,-0.17450598877360618,0.05062428807746139
GIS,0.38133016823327714,-0.32293255546420885,0.11515864701424558,0.08719785256229515
GL,0.9980053519326728,-0.1299456199973969,0.8362554872335662,-0.05213863030502923
GLW,1.2070417743804072,0.18373152296025083,0.047613124035698035,-0.11730003895382679
GM,1.1748209508174123,0.374426586499071,0.5990546676437903,-0.20612331174540072
GME,0.9119097036792603,1.5652437376287427,0.12242489711571473,-0.32929674639454276
GNRC,1.2362536765012337,0.8176145412851307,-0.30562763449049435,-0.16609558372015193
GNW,1.5947420589638774,0.05345715201324965,1.025560226120374,-0.23031173062510368
GOOG,1.083801255807181,-0.20046275756464355,-0.40800475315924417,-0.03726292607469385
GOOGL,1.0872565298916177,-0.1995248536545228,-0.410466826459042,-0.026965007100460375
GPC,0.8010004624646698,0.15543706760439235,0.3785250803432976,-0.0037556453133104524
GPN,1.0334329388614771,0.20914276313914276,0.06610455140999957,0.0029981784771495913
GRMN,0.890912853977825,0.2896032635802941,0.044784508768541176,-0.044788185036894655
GS,1.2523678557788154,-0.0686355466851006,0.6812549822808648,-0.11042741313920304
GT,1.3439685815321736,0.66699468807133,0.6427238831023933,-0.41115191663496325
GWW,0.8751801324659574,0.057931447804127324,0.2710129867255118,0.045297028029842104
HAL,1.2588754090414582,0.29775395589924886,1.0888583142909463,0.0004929047791062844
HAS,0.799566983059484,0.22138983910507748,0.08553548264786166,-0.141168856845779
HBAN,1.2432598233642955,0.10578766904769213,1.4759129263881903,-0.3413494941133384
HBI,0.9499041855525383,0.8544458055325077,0.48347270629487377,-0.29230555408251147
HD,0.9793883374119574,-0.03430952165869474,0.029673305439238032,-0.03184506163211048
HES,1.1566828040379018,0.08540005035199136,0.9744298898031878,-0.030852633358165175
HIG,1.2578783045356272,-0.18522345720006955,1.1151543998486146,-0.20911198738225578
HII,0.7664350383349356,0.12235650237167325,0.5062436661452735,0.04614249977271703
HOG,1.1892517603503423,0.5389038814895918,0.5398516255071446,-0.23208326889997008
HOLX,0.8719875754665709,0.25974380065702873,-0.06302452347196952,0.0735116329048166
HON,0.9918544960408853,-0.0897621676655207,0.2724744724628899,-0.08687624799580289
HP,1.2487517650105528,0.5376129466445454,1.145646867886193,-0.04052703460398642
HPE,1.1547665355552839,0.18648799475788427,0.5619909661842872,-0.029599010431469293
HPQ,1.0864944852451186,0.18076635586662895,0.03766348721760158,-0.13018942464828398
HRB,0.8420577321301761,0.12312014710029968,0.39744015946379907,0.0033275216488842553
HRL,0.4155682971747751,-0.10652818329497932,0.09925402190416889,0.06901153950593708
HSIC,0.720264609316241,0.19375034711280004,0.25460215819236703,-0.014830860210622604
HST,1.2057442570357564,0.4680381048251239,0.80201766589617,-0.3140099085977295
HSY,0.500915813031567,-0.2627715294973073,0.16354013776912438,0.09659656458953864
HUBB,0.9528567759187488,0.2485194621257686,0.34826134404009446,0.05829768796157683
HUM,0.7894941818491343,-0.1220508528183924,0.22088632954594573,0.11291423139276327
HWM,1.256597822309966,0.2582946647761921,0.7519634465560039,-0.0631911089933873
IAC,1.0514574101564025,0.3630916436253053,-0.43997698712666305,-0.0164178180449987
IBM,0.8082476733937031,-0.13924541087546694,0.136734800093845,-0.05332457335748358
ICE,1.044308581671697,-0.22016180796313173,0.15334348809608347,0.04012515744921385
IDXX,0.9114171507417044,0.16555548011635837,-0.4803347573876632,0.007521689362138803
IEX,0.9182772719905817,0.36958141457621985,0.22803786972698514,-0.021969566322931233
IFF,0.7976399796717191,0.034452022112315815,0.13300523183800417,-0.07545648033851365
IGT,1.2311187555401222,0.6716320997695748,0.4541515936350331,-0.20205570261242972
ILMN,1.0878342286500136,0.662353002722175,-0.6379355039262208,-0.11148847554963835
INCY,1.1530675868634581,0.7122048025084472,-0.32009784122278945,0.07110012929138448
INTC,1.2285114868968479,-0.08276245500466486,-0.28553655816478446,-0.09227731172466258
INTU,1.1797836239227517,-0.004783148741655682,-0.6035842799142745,-0.03755062796163826
INVH,0.8575721863817847,-0.02213394573252936,0.13330959531998846,-0.044682209330842354
IP,1.0376646431687342,0.07934694255329003,0.6217955406398413,-0.15865934646177068
IPG,1.1223431561996247,0.19825679470880184,0.4455148836196522,-0.16927780209809143
IPGP,1.093543592815708,0.7032045289332174,-0.1804658434000697,-0.06040689956104786
IQV,1.0768308299477822,0.18483633477551148,-0.08277370155644415,-0.04647048426790122
IRM,0.7649583873344312,0.14155584924505588,0.16526233621832764,-0.05992510184834593
ISRG,1.1200657592851884,0.16057164020337406,-0.3179237029454438,0.03994014977514516
IT,1.0026939773616337,0.3797743842241059,0.011072159134615909,-0.01875779296930025
ITT,1.0541397066171985,0.3505936864534184,0.4272442017605729,-0.06118476693762168
ITW,0.9313137234979543,0.006854445022954805,0.29112382026070327,-0.06323485779641923
IVZ,1.5169428044313125,0.25180621739963344,0.7336195285513575,-0.2290128423415663
J,1.1118002589504394,0.1587006248267171,0.4079549613722018,-0.010538622075343573
JBHT,0.9080651467605465,0.32648840055565365,0.22005653545430948,-0.08620165725133076
JBL,1.3772017219810335,0.4964762760663446,0.04743247412495114,-0.1456814260191604
JCI,0.9467734009674825,0.10566917721387284,0.24785934071602334,-0.1100779319268285
JEF,1.1798581430724915,0.2753334111991987,0.7238641804677433,-0.16654024220500757
JKHY,0.8368999231039971,0.11108979242256818,-0.006637990591620624,0.05337640017789008
JNJ,0.529011422433417,-0.3560952033037497,0.06480828459736913,0.03516517757935454
JNPR,1.1094756570588062,0.18141081956041938,-0.2687026729404701,-0.19098985607190203
JNY,1.2863527953278728,0.8299611736155816,0.749587447684922,-0.4004389314969619
JPM,1.2721331824443745,-0.28151930265709213,0.9658242397895546,-0.19466900704429738
K,0.40313600773156505,-0.31094233859322296,0.156991384120102,0.05242405164298718
KBH,1.344716220832102,0.8269518898845962,0.5026489791784094,-0.08677864713548529
KDP,0.5390006607283708,-0.07920316519332798,0.10099280144644009,0.07763775645343693
KEY,1.383555155050909,0.14837574371719384,1.542857709977677,-0.22943502479605898
KEYS,1.0448516537400272,0.34010871019655475,-0.1717519292192592,0.026679841681676333
KHC,0.6193811262386553,-0.36088641589005144,0.36593203385195544,-0.01873543447048079
KIM,1.0088453872858396,0.3908434579720109,0.8373016115751386,-0.332996852503192
KKR,1.3714332936804596,0.20338763799948947,0.13931964432599417,-0.06488168356396874
KLAC,1.446329346017594,0.23574438483328589,-0.4792724755394522,0.019619504044422077
KMB,0.4747955079450204,-0.35708419079147413,0.07747011595555728,0.037827041584272095
KMX,1.0868985569749006,0.48976286683463766,0.2735530990838686,-0.2203456331646154
KO,0.5478459434409808,-0.33728144226481843,0.1422352058814888,-0.014557217954845915
KR,0.48095512541935354,-0.1302315772751929,0.18874909939842416,0.08906900999397604
KSS,1.010330236623257,0.7718523805038648,0.5645555539753024,-0.4015470579127659
L,1.0105092832937985,-0.11952312001054181,0.7706870260408344,-0.024809663399737978
LDOS,0.7280743524146714,0.08954692637259858,0.2031059013785556,0.14868120390164455
LEG,0.965493685496178,0.4571396464191895,0.5734666104990543,-0.17094630242720166
LEN,1.273329200248654,0.5230278534383564,0.4355193022705942,-0.1801890710853381
LH,0.7239634327223495,0.09164553890579587,0.07080019927367548,0.053902136049670105
LHX,0.8104902636192273,0.11330823118676042,0.23443015529418926,0.044079515538493125
LII,0.9082726009884821,0.44924817230809116,0.1287805978264982,-0.022682689913792235
LIN,0.9145168980513882,-0.1883219932009811,0.1507540422542684,-0.019694925392411355
LKQ,0.9656533890817134,0.46723957949620976,0.3708453078676416,-0.012822492398057456
LLY,0.7114841457018507,-0.38676606521999735,-0.10806432854658882,0.10665042442910735
LMT,0.6177445982315447,-0.224864671351574,0.2824216021220464,0.11735455917851928
LNC,1.7253148324905832,0.05251903869754584,1.4296540853104327,-0.30763104969953514
LNT,0.5878578703554297,-0.22766247840556847,0.21950395580184295,0.04934999958671089
LOW,1.0284016195226071,0.07509512590968252,0.08988513063941367,-0.01920925889461076
LPX,1.402389565833168,0.7720776125029294,0.592189395023911,-0.11436025581575768
LRCX,1.5383289333522063,0.35136326198864604,-0.44947296546609805,-0.020006106204552204
LULU,1.1765793152503885,0.5214602032174182,-0.2937632097497339,-0.06682179622652401
LUMN,0.8297551615216862,0.32772904643969214,0.4365912419426978,-0.17583198814066028
LUV,0.910989575105331,0.3850883337298885,0.42668162584773284,-0.1742075704014584
LVS,1.247028286059487,0.44462998476313687,0.32625390077782024,-0.3777654950355347
LW,0.8344159310781856,0.1496564465053588,0.3204579387862852,-0.07316979495641858
LYB,1.1825253102361668,0.2125536184319183,0.877679635982103,-0.11741716250186478
LYV,1.1962864904804842,0.6263815954265259,0.3117309245597865,-0.23539116416452716
M,1.1615807113826264,0.7131668314168903,0.6935643896288605,-0.41779010511514514
MA,1.139388911122657,-0.248986013846703,0.006735672406441949,-0.008200884768679459
MAA,0.8365851104647275,0.1177346270910303,0.3904455152123323,-0.07072400072155077
MAC,1.103326963069073,0.8481720268905317,0.9761114855731682,-0.42550951483222266
MAR,1.0609262752017248,0.28278022801444125,0.39287061202558177,-0.19425269516922772
MAS,1.097375875565879,0.27994991755802057,0.3075357772823091,-0.0861075843048866
MAT,0.801499379626104,0.3669985757464165,0.1804497918636748,-0.13360376248076494
MBI,1.3577980628868946,0.3347415981165789,1.090002993036318,-0.24662443783854654
MCD,0.6309194475432878,-0.20337305612553547,0.13172017799836916,0.08680066332437725
MCHP,1.319281965705997,0.40155375024953777,-0.33569447805325087,-0.08306857582609756
MCK,0.7169530755854474,-0.17346399373495494,0.18709758504008125,0.08786845723812856
MCO,1.1232781108327599,-0.05918504270415946,0.0701658300046389,-0.0494781820011679
MDLZ,0.6335057093530836,-0.2897679533483174,0.07574630951225012,0.06830293795461725
MDT,0.7284525482327757,-0.09924626549991401,0.0880177810171888,-0.03219917243188835
MET,1.2921561756357383,-0.12411605190768853,1.0921552537753207,-0.10490627172730553
META,1.2479846854587295,-0.18475397200208904,-0.7117308822731769,-0.09736926182559721
MGM,1.4249233913614263,0.5510935335896611,0.5522071781337548,-0.3102696725114217
MHK,1.0572622362277795,0.6634985012542494,0.5267627796633925,-0.23336345347330656
MKC,0.5311637627694039,-0.21939383068428878,0.04900424320174907,0.1010719681934921
MKTX,1.0219461580258318,0.1959525860609435,-0.07462901211253681,0.02986618157831464
MLM,0.9826935053902676,0.38179700727964494,0.4170169630400533,-0.0380250219908915
MMC,0.8597969082788096,-0.2847101950785186,0.1334476870389687,0.016985454469858684
MMM,0.7790224215694233,-0.030139121211159026,0.25466241188921684,-0.08686072466243588
MNST,0.7928877100359829,0.011774832003945258,0.007249878790549473,0.11206114144360663
MO,0.5262956153794267,-0.24068985488929312,0.2929792149422612,0.07978367141656979
MOH,0.8530217641123699,0.1810831245590575,0.017944492802412004,0.1281432300983546
MOLX,1.2509354915138164,0.40511553557850466,-0.1626391616999182,-0.18426399701430335
MOS,1.1645984035931205,0.4117495364661071,0.7748235677870454,-0.017829773301747266
MPC,1.246562521747986,0.09781932630297928,1.0577700165295245,-0.0034025552254847383
MPWR,1.493178474436998,0.5364481668315518,-0.5757013997795458,0.03857311148544281
MRK,0.652591069833399,-0.36568364429842903,0.0797556704674764,0.0832293972639947
MRNA,0.6216687459126543,0.6268496679700384,-0.8075953547077399,-0.3519319835317906
MS,1.58530147028809,-0.22333552911557192,0.7496652357132014,-0.20778052374468006
MSCI,1.1459779026864159,0.0260932096962647,-0.30295106767980284,-0.03533338672652319
MSFT,1.1301368810521029,-0.3429805225692357,-0.4839219484132091,0.009785075263053191
MSI,1.0477093881478194,-0.08179379216940895,-0.044910796890219186,-0.0723098089008897
MTB,0.9815475592312496,0.2045123060882899,1.1677158480341419,-0.15415982650061844
MTCH,1.02701138589333,0.3722728284007544,-0.5206612051089248,-0.11501810232831758
MTD,0.912601521519079,0.18104348691852798,-0.15621332013800032,-0.04187819235924853
MTG,1.4764464395191452,0.6332783235357577,1.3139604533342513,-0.22721059517646786
MTW,1.4876884734144658,1.0542611943895284,0.9982677962872002,-0.17562519108469513
MU,1.5357638494544692,0.37266444806379445,-0.17778086123102915,-0.19287782392235756
MUR,1.137064081013662,0.5229241309699978,1.1815354053119915,-0.12912297834075
NAVI,1.1903112199882742,0.672552199898717,0.8256601573393303,-0.1703638145340789
NBR,1.394861135029156,1.0600564144582278,1.466714920382388,-0.28004586432805745
NC,1.0893551114983953,0.8393194705989551,0.860483283292542,0.050366387287529665
NCLH,1.6219881525930426,0.9018783486951243,0.6080619228500848,-0.5979028212597641
NDAQ,1.0392167068778815,-0.10007611742651881,0.180547804757473,0.0007505653964499856
NDSN,1.1398254245648047,0.4555710611902498,0.23447670750119065,0.004453452653190242
NEE,0.6435039438442152,-0.25796071050597896,0.022650688565992172,0.03616037032725386
NEM,0.41843243324709056,0.09113349189690576,0.09141176872656685,0.09694876656829424
NFLX,1.0901610462785003,0.1618494493972746,-0.8155414880584024,-0.05149476009423466
NFX,1.2132329501529902,0.3181706252477931,0.6100774283062447,-0.053384718524733636
NI,0.6548271319736445,-0.20497836800500718,0.29008754613379983,0.03790433695376706
NKE,0.9003751409589743,0.03840077375730762,-0.05281160257787801,-0.09236125417153063
NKTR,1.1938520564485677,1.4961998417066509,-0.5322513240686816,-0.23627269473647317
NMK,0.27088980095489357,-0.2100969758252325,0.2934434834806956,-0.08314816286650166
NOC,0.6416166928839182,-0.18704895471378166,0.2719912572989942,0.12000379186817439
NOV,1.2463270426037734,0.39212164088896395,1.1085212463960097,-0.02450502956266823
NOW,1.3000394809085343,0.15173156467262094,-0.8995184174150485,0.02835590807854765
NRG,0.9767173884248612,-0.04657441640507014,0.2128109631696415,-0.026167814202528686
NSC,0.9980183451012031,0.06770316253072095,0.4263709329732425,-0.01764069861721805
NTAP,1.2881161363004163,0.29773653951839985,-0.2696541612247982,-0.16044485735156744
NTRS,1.1829032978700298,-0.06675027617330577,0.7140383934558616,-0.13951018387230385
NUE,1.1989386359429024,0.24997562643774995,0.6112088529890531,-0.0017291235062955514
NVDA,1.6590343343315164,0.26212815006431966,-0.8886822762261857,0.024413523542328196
NVR,0.8912053795706669,0.3415177658957495,0.19969465377282983,-0.06048990209062592
NWL,0.9421786942812593,0.39810555164191086,0.45888048288280187,-0.23597753744581035
NWS,0.9721169391357589,0.3373916305895156,0.2626100673151911,-0.145377938142233
NWSA,0.9782955538879698,0.29640356740481655,0.25879305359041543,-0.15161312644380623
NXPI,1.411128478972247,0.5880831585206308,-0.09495130040302091,-0.020387500934571423
NYT,0.8843691176915272,0.4111625107184641,0.20235709182763834,-0.09335338819628149
O,0.7965110721586395,0.18984682011764276,0.4685147674941391,-0.054434966122689464
ODFL,0.9720900086834026,0.5217360572001961,0.16355076057877427,0.03306310335002829
ODP,1.3032747940771006,0.7824889304776504,0.5543893273913405,-0.23002456852563025
OGN,0.6709357353751795,0.3477102382414686,0.3979461138082925,-0.4745610838993055
OI,1.1751016119417559,0.4874116433775058,0.8016250409545211,-0.2238114069738447
OKE,1.0350746968445186,0.28588313952262956,0.7335762330376218,-0.03678039930574343
OMC,0.8666451509268613,0.11693559362867889,0.3243641508179142,-0.13763841055526482
OMX,1.3327071248994162,1.269077708786162,0.8540433006705936,-0.40095035103604026
ON,1.527008050470425,0.7672949975649087,-0.1713047425655393,-0.17296915536632584
ORCL,1.099092248258442,-0.20937214718456232,-0.25471599252910604,-0.028049726954519138
ORLY,0.7777917711848855,-0.010730487485639737,0.08421841386770415,0.09961423885666687
OTIS,0.7588320014956147,0.07114924494609429,0.19163871940029847,-0.0836357168177763
OXY,1.1324665210722462,0.1420623487052909,1.0639407395901508,-0.04836524828175781
PANW,1.0235825913329974,0.21845405788365146,-0.5612964662851767,0.06261235242545314
PARA,1.1221548521209868,0.5379064711849784,0.4640106066154462,-0.38244477967695806
PAYC,1.3267736456562056,0.5175794374449207,-0.5149157891267541,-0.19678883079100024
PAYX,0.9515208373555485,-0.1410633199012699,-0.004674978755756981,-0.04016027714426085
PBI,0.9921242356290515,0.8766290787647397,0.5306055767315276,-0.20048062155564034
PCAR,1.1034997814751746,0.08783676513677215,0.40641871980450184,-0.02027503546047949
PCG,0.7407843325768079,-0.17491856906733239,0.2538171054441238,0.08261136023737659
PCH,1.089323691549012,0.5896631094722274,0.5920560443625411,-0.05880477150879365
PEG,0.6503253077438291,-0.30860650222294733,0.2746082291729238,0.037307541754010756
PENN,1.268518321002873,1.0979052572680414,0.1999193156402343,-0.020318960797154326
PEP,0.5630448603025554,-0.3870539017151583,0.04614275346517247,0.05793426008882284
PFE,0.6690739687227025,-0.3399720801138233,0.07407553712743495,-0.009523491899145697
PFG,1.4247733863532877,-0.09668100030437585,1.068366715033712,-0.24901959022575845
PG,0.5321855679351473,-0.43615652081113976,0.04555810020850322,0.02792903643074459
PGR,0.8313549330427994,-0.3801798257851646,0.35554614990578215,0.08677038727620355
PH,1.1784368540014618,0.23926717078365062,0.47762230429331504,-0.014552306089359524
PHM,1.2673458033534655,0.5249703810048835,0.43790050180757734,-0.0662863505275995
PKG,0.8743331676579056,0.19397006354967933,0.44648787690840275,-0.049334402461924845
PLD,1.1189111148521262,0.1291506187844739,0.4027845249895615,-0.14382024506761332
PLTR,1.6566982150719005,0.8941393565169609,-0.7804125380329745,-0.08580682101305716
PM,0.6230796526654069,-0.23152264371533576,0.25575854313363533,0.024317083457593987
PNC,1.1447884590376123,-0.028225895982614112,1.0745538424542573,-0.196242824553167
PNR,1.0081269159060333,0.3650477106489842,0.2980316205741469,-0.10186063460555961
PNW,0.5797137281949527,-0.15365794431545324,0.315032579266431,0.04849074301069113
PODD,1.049646812548639,0.6254573343122467,-0.44433301105609635,-0.06185750964192782
POOL,0.8843252062445885,0.5781709286573822,-0.08390256598056807,-0.02270259801745244
PPG,0.9507955386709164,0.07549797777537408,0.2921990510903428,-0.13578078610774763
PPL,0.6280320224083434,-0.24379432808322152,0.3243395929660078,-0.015057393884246791
PRGO,0.6836654811167542,0.35835655940228306,0.12618913795355494,-0.05447999870440133
PRU,1.4090932081633398,-0.19352952499553594,1.1474433899939507,-0.21868786592729356
PSA,0.7658510911983399,-0.0007180881062471157,0.3089870508302269,-0.048224718916680925
PSX,1.0524784741909783,0.07173562911676852,1.0511498891947801,-0.04770978752716633
PTC,1.221873855644128,0.4975526804455795,-0.3138518117736,-0.03377209189916583
PVH,1.1478604157740726,0.8305267614649758,0.5542653601682237,-0.31454652841326786
PWR,1.2089938024605917,0.4690861252155544,0.300899849692513,-0.026755888708670714
PYPL,1.2609957805397536,0.2116970308189845,-0.5459912907596081,-0.0857184067898904
QCOM,1.2574523526883916,0.06697787411052472,-0.4322503516049416,-0.031865396364787156
QRVO,1.3710724156976295,0.43824998325529585,-0.2511242147776916,0.025473485576277426
R,1.0728973812601699,0.5025333286757863,0.5663499591373773,-0.135518499530909
RCL,1.4483462164897105,0.49927054833320145,0.607205666654253,-0.41162826150036147
REG,0.9193283544495547,0.30560871124043276,0.6807534886461464,-0.24855927084293986
REGN,1.0251709138993983,0.46553357973451703,-0.3378788409862863,0.1685258600254579
RF,1.3467233739199007,0.14710108502211727,1.5372501617241079,-0.26895347293203387
RHI,1.0317732645617548,0.44247202479498293,0.3603372197126908,-0.15980805696897027
RIG,1.2313299189747373,0.7860849649836663,1.1793774773244978,-0.2326966178526102
RJF,1.3230709276733839,0.14672934858983466,0.7391565360407415,-0.13896192910385582
RL,1.0060627496947665,0.47206399445427333,0.37044339847240004,-0.22990497003227892
RMD,0.8555385544106933,0.1007868802597649,-0.22526656944730583,0.08229101891201988
ROK,1.145359633411236,0.22402523902714644,0.33143183506704577,-0.049576938068788406
ROL,0.8062944232408276,0.22419987835079003,-0.002498670080415044,0.12319087553402547
ROP,0.963422616983106,0.005641837262006579,0.09418480816943745,-0.0025134094831353055
ROST,0.898892872273401,0.20230528847554596,0.14858767089327568,-0.04827235279113819
RRC,1.0299492680031712,0.7058633217857803,0.8796320508211162,-0.032682400370500506
RSG,0.6899898815066328,-0.16352715738114376,0.21692628937619138,0.08329778538290726
RTX,0.9210754771470194,0.002926138830722352,0.4463237694249024,-0.011917341243521189
RVTY,0.9476580018973535,0.24757938670454757,-0.28047568372465514,-0.0900315065483244
SANM,1.438721559328338,0.7650943303593303,0.3112393024987093,-0.16121245203993365
SBAC,0.9674096023607229,0.06194882735100768,-0.11549173062758777,-0.11568273834279319
SBUX,0.999405192144613,-0.015359017546659033,-0.009149949696352303,-0.053748464741734
SCHW,1.3380486412655717,0.0869971848408041,0.5816295117942467,-0.07819106555887917
SCI,0.815028810684203,0.24804149348854285,0.26974703993026194,-0.04255958534214482
SEDG,1.2941460283371682,1.3746542026126416,-0.4279863316650472,-0.14448974626200717
SEE,0.8870866295627802,0.2923359960540776,0.4404925245149062,-0.11124343997325106
SHW,0.832897229005504,0.05569687762079278,0.024886720020190246,0.004280831693355958
SIG,1.1114388709708,0.9576787232006443,0.7876310688882642,-0.23065244418653014
SJM,0.42190558572935877,-0.14757653395990583,0.15482171255516924,0.05447480265234744
SLB,1.089637276028741,0.28265431821808334,1.0455385190900424,0.018986202906750592
SLG,1.1817954102126547,0.5860881051322671,0.9735899059330588,-0.4026754661189406
SLM,1.1708671817582101,0.18972827361518063,0.7843018295081919,-0.15755141404632264
SMCI,1.2774203819641325,0.6736706992498752,-0.14278839662430695,0.1738675859494842
SNA,0.9337413711079736,0.2370676777293332,0.45988390025058234,-0.06683132730901951
SNPS,1.0607757500602981,0.07523787145125957,-0.5537163534474303,0.0674554576476315
SNT,0.4055288714498581,0.18018243919858745,0.06031719181091535,-0.0001663795579764371
SNV,1.3280040352416582,0.6149295711870805,1.4585496328340775,-0.22153578430520027
SO,0.49349994946178094,-0.34042521747114607,0.19344189453285163,0.04432717991767076
SPG,1.0321918683395073,0.4195976586970091,0.8343091774651585,-0.2780620445947717
SPGI,1.0266707589280741,-0.14598726798006834,0.016714632709857825,-0.03868349346273644
SRCL,0.7486254174330982,0.2848041250838571,0.22896298145444258,0.011971142124196412
SRE,0.6885081869346508,-0.230275897115941,0.3166579458466594,0.04114933434154693
SSP,1.0619285226888402,1.2551756144007453,0.8485860628346273,-0.3154987305343915
STE,0.7976009409082074,0.2371196258560377,0.0077662305376755,0.038040106632648674
STLD,1.3432741294997754,0.5309101401498021,0.7488605078974293,-0.002116637363574765
STT,1.3435428515867347,-0.15417936903138477,0.8631952723672786,-0.2407915122646176
STX,1.1048654452997306,0.37921722473914404,-0.002204741666460411,-0.07727374886853616
STZ,0.7234102506596998,-0.03542504546829679,0.20960759181133187,0.01618174294524189
SW,0.2978352242692524,0.03288069770034689,-0.023813918179177967,-0.0921333532451783
SWK,1.1037521156491916,0.3360247269877603,0.37061446834994904,-0.16551014766172195
SWKS,1.469431716596458,0.6309127570087185,-0.4959523775922358,-0.04488210827379009
SYF,1.386632202572798,0.4045119842091631,1.0038634544408065,-0.12024842999419098
SYK,0.8586881049006667,-0.06909116255023176,0.005893523540842813,0.00608635874568488
SYY,0.7382665822948956,0.05126648469875676,0.3869290939938713,-0.05063040475152859
T,0.6664678779529004,-0.3099259202909545,0.29431002734135703,-0.10831116762535842
TAP,0.5986737001206843,-0.027345279254951567,0.432332518519566,-0.003907143474919836
TDC,0.9426331510544048,0.5993074712388922,-0.11197799419536048,-0.059988429429488135
TDG,1.0263874261996089,0.3356305160590913,0.28319268104860323,0.007998016386170412
TDY,1.0270656638050741,0.5061036982730138,0.22893006768887222,0.056171759500272506
TECH,0.8034844764453921,0.5421034652170016,-0.42951144941115,0.014102084451718724
TEL,1.0913376687943772,0.290988039230521,0.1881399820930916,-0.08110983964925439
TER,1.5027122219414468,0.5159227760054736,-0.31553444999014435,-0.07111477199843165
TEX,1.4485659514867977,0.927295309920737,0.9230822395294354,-0.17643231610984483
TFC,1.1556761369744815,0.08299518102444357,1.151218180886501,-0.18626893616064372
TFX,0.82214610747298,0.14942647946825344,-0.010317799533814145,-0.01871321633692612
TGNA,0.8910684738943649,0.39479187015792017,0.6458853589405369,-0.18276080881104723
TGT,0.8419090833470351,0.00943593473536578,-0.02227702684765482,-0.1749554903356322
THC,1.0756858759182695,0.7980930488717982,0.4737041091730808,-0.21734682595758492
TJX,0.8493831571473721,0.061570913950028734,0.1594785883448891,-0.07243209648687184
TKR,1.2038729350250938,0.6469637988271921,0.6828665728812708,-0.058207068493712405
TLAB,1.2397688487007668,0.3369779982548717,-0.49019171620116,-0.19565850168648555
TMO,0.8890086671513158,-0.034642804666087205,-0.22923486641275034,0.021422033326350894
TMUS,0.892236389537066,-0.10757155049208336,0.08411263486407393,0.08411742405629158
TPL,0.7357401041580122,0.3853712811754081,0.6019908048197193,0.08712325841762641
TPR,1.2122324062100625,0.5584970718190156,0.4074643227940848,-0.20200082819010923
TRGP,1.3297373248066222,0.39693314667157586,1.091194227146759,-0.19429884788342772
TRIP,1.1025850143676101,0.9032696115575691,0.22863536663888226,-0.31993246116023355
TRMB,1.1583292560138538,0.6971476924660677,-0.10298274683434588,-0.16340343195591536
TROW,1.3478010537072713,-0.01257566108215432,0.25372517222922153,-0.21957831139857162
TRV,0.8947984233289215,-0.27042461666626894,0.6645966831554657,0.08811794618572724
TSCO,0.8186285361452785,0.3811585476568618,-0.009318218212115183,0.09252047245920042
TSLA,1.4373049575646883,0.6549262996572182,-0.7510517450998693,0.023709816576894797
TSN,0.6629556935563801,0.10585754257017334,0.3768170947903934,-0.10588350548302006
TT,1.0840982910410246,0.002030862397104106,0.23912416339091988,-0.08861923621372841
TTWO,0.9712467801476297,0.2885472073047622,-0.3765700770318221,0.0910064498554022
TXN,1.1630928473454811,0.13613218768649352,-0.29821909491783594,-0.04317152630845459
TXT,1.2662473338659233,0.20817894345998705,0.6858111583563848,-0.194038633367707
TYL,0.8770443974986915,0.5027773820519869,-0.41574858328832665,0.03294813352057514
UA,1.2115545590126566,0.7266724189644678,0.22043965837362595,-0.42895325655673755
UAA,1.2109495575569915,0.8047293370596171,0.1761282823384055,-0.28454451347823195
UAL,1.3060363550315661,0.8031132302260522,0.8799901966042103,-0.319281030337762
UBER,1.1600392719985653,0.8306321904710887,-0.38996794479031666,-0.2430364549989328
UDR,0.8925990230014924,0.13499487682913516,0.48581552667006755,-0.16789283650501236
UHS,0.7972279057897759,0.4002702290649218,0.38482657025024525,0.0108814906526839
UIS,1.2829695826961132,1.0444049807364886,0.25560097257870823,-0.25028626445649227
ULTA,0.9925363780155189,0.43842359546326237,0.243499170305169,-0.06383273844569302
UNH,0.840669402307826,-0.31103086177267336,0.2228282131202038,0.12495158334851812
UNM,1.253183315922553,-0.06384057506315974,1.213029072504603,-0.09615131102125167
UNP,0.9013904103312428,0.037316895910530674,0.3974244008690701,-0.007442816905760515
UPS,0.7738387560126944,0.006046380219963234,0.10180458315568287,-0.06113287556498315
URBN,1.0002683034826454,0.8161330960723966,0.4284487178334462,-0.21037166842911367
URI,1.4167612360627775,0.8420851148358524,0.6640014347279086,-0.08296509598432815
USB,1.0762202806957841,-0.06975360611893386,1.0680498381924615,-0.19753794361370647
V,1.0063403767472703,-0.24337474218938776,0.045337036584044685,0.0013986941766552206
VFC,0.8931497277305428,0.44420989497839525,0.3423032612076804,-0.2731245646539373
VIAV,1.3425312775836498,0.6940466553688607,-0.16773711474506559,-0.21880902789295248
VICI,0.9109277593800328,0.20761779250500387,0.3751323609540964,-0.035054977419883934
VLO,1.1168022748922166,0.20844458631286783,0.9766885414093053,0.08284470349451492
VMC,0.9882390183491301,0.36687014725021977,0.433082048394289,-0.013392663605528925
VNO,1.0266409240294152,0.5180796757661049,0.8442040299659629,-0.30232054533936425
VNT,1.0183453744195823,0.3313204051633943,0.30196106545742624,-0.09767430485059946
VRSK,0.7719923817921159,-0.20130233421837412,-0.17073931640096524,0.006840695639867188
VRSN,1.2035454886214643,0.021498837653749586,-0.5364931536988333,-0.056776059716650035
VRTX,1.0301369158015459,0.2596812130471675,-0.4097116118844087,0.08681332556634372
VST,0.9846774238657824,-0.0335971365538785,0.29124345125458084,0.10262781683453567
VTR,0.9230920803902217,0.29017571981314416,0.6095388598089315,-0.16838890553469765
VTRS,0.8075358807945217,0.27309628883545106,0.2091785827716505,-0.11913361849111526
VZ,0.5722193640475803,-0.35098505270602326,0.1571922257402145,-0.07446913343927163
WAB,1.0203209762470702,0.6126401597406967,0.49936311557635876,-0.07761160058185465
WAT,0.8860078057863393,0.19288150497445694,-0.1074851253185167,-0.0012210815010106242
WBA,0.7093248860093574,0.05931171110864133,0.25386211537375286,-0.11766146318937974
WBD,0.8851756322246078,0.59015307849133,0.23886159297510506,-0.3973237805710416
WDAY,1.1423867926939975,0.3134139858921031,-0.6787064549853791,-0.056133527798655415
WDC,1.3464958794326167,0.5352168871559482,0.07304482048049107,-0.11738442306350852
WEC,0.48854058565816416,-0.321402557869499,0.14584648534899242,0.0670124419244357
WELL,0.7899900155670446,0.20406661284526506,0.513669420461866,-0.11592375099358938
WEN,0.8149822570023055,0.5721381107032729,0.28746874202356115,0.027357143981429563
WFC,1.1981131131874143,-0.19128433036495324,1.1922149735392686,-0.21478858725534447
WHR,1.0945946189754419,0.39465219869143786,0.38433791759110203,-0.18767459119318308
WM,0.6691335819965816,-0.21909997504024648,0.18529155173481393,0.07058082947683295
WMB,1.1735618884722079,0.04225946815660541,0.5773567753281516,-0.044711310271132135
WMT,0.5842723093432047,-0.3255857518350129,-0.08071201231593807,0.056808414205536825
WOR,1.2740890217870402,0.8317463798038525,0.7289503904119077,-0.0409695385437359
WRB,0.7582804106307183,-0.07594419914438388,0.6240892259026287,0.10760905289112484
WST,0.7809531303413382,0.285053798514441,-0.24450926536483145,0.03973536223167238
WTW,0.7284676656052473,-0.06612781926144407,0.1364269331298664,0.008705373330530149
WU,0.8226245410888261,0.008182030191394914,0.30792406491420404,-0.0943680356178977
WY,1.1215237316181041,0.2206590698120784,0.46188923118444786,-0.1019879017764242
WYNN,1.2858770905592853,0.6093560348753452,0.33323501852990955,-0.389905311073776
X,1.4278789680000143,0.641252117104143,0.8408360182344408,-0.16450957478932482
XEL,0.5506703637837367,-0.33970123498766014,0.13296495463722624,0.05229184999596875
XOM,0.824357083340483,-0.13547171111132167,0.6769347023535869,0.026862087744238986
XRAY,0.7348329748919937,0.327967278719417,0.26664937726843135,-0.11166751347287351
XRX,1.0987351253966664,0.4875052689480648,0.5047274670686881,-0.23995526843173579
XYL,1.02485416993816,0.13346914300740986,0.22433570366857103,-0.07221995347542272
YUM,0.7823851870335878,-0.07449612943474654,0.14377471060343172,0.038773723404968284
ZBH,0.7671926282693241,0.11280959435810006,0.09873922904968929,-0.09762316708626317
ZBRA,1.0698876117046194,0.5273725978964969,-0.18373311072939127,-0.12485551475573761
ZION,1.1958485348391963,0.4091082098841883,1.4769598106602115,-0.31578880851526625
ZTS,0.8794329058953847,-0.10935173652000856,-0.24322238364460602,-0.040270604747878885
