Date,risk_free_rate
2015-01-02,5.888888888888889e-05
2015-01-05,5.666666666666667e-05
2015-01-06,5.472222222222222e-05
2015-01-07,5.4444444444444446e-05
2015-01-08,5.638888888888888e-05
2015-01-09,5.4999999999999995e-05
2015-01-12,5.3333333333333326e-05
2015-01-13,5.305555555555555e-05
2015-01-14,5.166666666666667e-05
2015-01-15,4.9166666666666665e-05
2015-01-16,5.0833333333333333e-05
2015-01-20,5.055555555555556e-05
2015-01-21,5.1944444444444446e-05
2015-01-22,5.277777777777778e-05
2015-01-23,5.0277777777777784e-05
2015-01-26,5.0833333333333333e-05
2015-01-27,5.0833333333333333e-05
2015-01-28,4.805555555555555e-05
2015-01-29,4.9166666666666665e-05
2015-01-30,4.6666666666666665e-05
2015-02-02,4.6666666666666665e-05
2015-02-03,4.972222222222222e-05
2015-02-04,5.0277777777777784e-05
2015-02-05,5.0833333333333333e-05
2015-02-06,5.4166666666666664e-05
2015-02-09,5.4444444444444446e-05
2015-02-10,5.5833333333333326e-05
2015-02-11,5.555555555555556e-05
2015-02-12,5.5277777777777783e-05
2015-02-13,5.611111111111111e-05
2015-02-17,5.944444444444445e-05
2015-02-18,5.75e-05
2015-02-19,5.86111111111111e-05
2015-02-20,5.9166666666666664e-05
2015-02-23,5.722222222222222e-05
2015-02-24,5.5277777777777783e-05
2015-02-25,5.4444444444444446e-05
2015-02-26,5.638888888888888e-05
2015-02-27,5.555555555555556e-05
2015-03-02,5.7777777777777776e-05
2015-03-03,5.888888888888889e-05
2015-03-04,5.888888888888889e-05
2015-03-05,5.86111111111111e-05
2015-03-06,6.222222222222223e-05
2015-03-09,6.111111111111112e-05
2015-03-10,5.944444444444445e-05
2015-03-11,5.86111111111111e-05
2015-03-12,5.833333333333334e-05
2015-03-13,5.9166666666666664e-05
2015-03-16,5.833333333333334e-05
2015-03-17,5.722222222222222e-05
2015-03-18,5.361111111111111e-05
2015-03-19,5.4999999999999995e-05
2015-03-20,5.361111111111111e-05
2015-03-23,5.3333333333333326e-05
2015-03-24,5.2222222222222214e-05
2015-03-25,5.361111111111111e-05
2015-03-26,5.5833333333333326e-05
2015-03-27,5.4166666666666664e-05
2015-03-30,5.4444444444444446e-05
2015-03-31,5.388888888888889e-05
2015-04-01,5.1944444444444446e-05
2015-04-02,5.3333333333333326e-05
2015-04-03,5.1388888888888896e-05
2015-04-06,5.3333333333333326e-05
2015-04-07,5.25e-05
2015-04-08,5.3333333333333326e-05
2015-04-09,5.472222222222222e-05
2015-04-10,5.4444444444444446e-05
2015-04-13,5.388888888888889e-05
2015-04-14,5.277777777777778e-05
2015-04-15,5.305555555555555e-05
2015-04-16,5.277777777777778e-05
2015-04-17,5.1944444444444446e-05
2015-04-20,5.277777777777778e-05
2015-04-21,5.3333333333333326e-05
2015-04-22,5.5277777777777783e-05
2015-04-23,5.4444444444444446e-05
2015-04-24,5.361111111111111e-05
2015-04-27,5.388888888888889e-05
2015-04-28,5.555555555555556e-05
2015-04-29,5.722222222222222e-05
2015-04-30,5.694444444444444e-05
2015-05-01,5.888888888888889e-05
2015-05-04,6e-05
2015-05-05,6.083333333333333e-05
2015-05-06,6.25e-05
2015-05-07,6.055555555555556e-05
2015-05-08,6e-05
2015-05-11,6.333333333333333e-05
2015-05-12,6.333333333333333e-05
2015-05-13,6.305555555555556e-05
2015-05-14,6.194444444444445e-05
2015-05-15,5.944444444444445e-05
2015-05-18,6.194444444444445e-05
2015-05-19,6.305555555555556e-05
2015-05-20,6.277777777777777e-05
2015-05-21,6.083333333333333e-05
2015-05-22,6.138888888888889e-05
2015-05-26,5.944444444444445e-05
2015-05-27,5.944444444444445e-05
2015-05-28,5.9166666666666664e-05
2015-05-29,5.888888888888889e-05
2015-06-01,6.083333333333333e-05
2015-06-02,6.305555555555556e-05
2015-06-03,6.611111111111111e-05
2015-06-04,6.416666666666666e-05
2015-06-05,6.694444444444444e-05
2015-06-08,6.638888888888889e-05
2015-06-09,6.722222222222222e-05
2015-06-10,6.944444444444444e-05
2015-06-11,6.638888888888889e-05
2015-06-12,6.638888888888889e-05
2015-06-15,6.555555555555556e-05
2015-06-16,6.444444444444444e-05
2015-06-17,6.444444444444444e-05
2015-06-18,6.527777777777778e-05
2015-06-19,6.277777777777777e-05
2015-06-22,6.583333333333334e-05
2015-06-23,6.722222222222222e-05
2015-06-24,6.611111111111111e-05
2015-06-25,6.666666666666667e-05
2015-06-26,6.916666666666668e-05
2015-06-29,6.472222222222223e-05
2015-06-30,6.527777777777778e-05
2015-07-01,6.75e-05
2015-07-02,6.666666666666667e-05
2015-07-06,6.388888888888888e-05
2015-07-07,6.305555555555556e-05
2015-07-08,6.166666666666667e-05
2015-07-09,6.444444444444444e-05
2015-07-10,6.722222222222222e-05
2015-07-13,6.777777777777777e-05
2015-07-14,6.694444444444444e-05
2015-07-15,6.555555555555556e-05
2015-07-16,6.555555555555556e-05
2015-07-17,6.5e-05
2015-07-20,6.611111111111111e-05
2015-07-21,6.527777777777778e-05
2015-07-22,6.472222222222223e-05
2015-07-23,6.333333333333333e-05
2015-07-24,6.305555555555556e-05
2015-07-27,6.194444444444445e-05
2015-07-28,6.277777777777777e-05
2015-07-29,6.361111111111111e-05
2015-07-30,6.333333333333333e-05
2015-07-31,6.111111111111112e-05
2015-08-03,6e-05
2015-08-04,6.194444444444445e-05
2015-08-05,6.333333333333333e-05
2015-08-06,6.194444444444445e-05
2015-08-07,6.055555555555556e-05
2015-08-10,6.222222222222223e-05
2015-08-11,5.972222222222222e-05
2015-08-12,5.944444444444445e-05
2015-08-13,6.083333333333333e-05
2015-08-14,6.111111111111112e-05
2015-08-17,6e-05
2015-08-18,6.111111111111112e-05
2015-08-19,5.888888888888889e-05
2015-08-20,5.805555555555555e-05
2015-08-21,5.694444444444444e-05
2015-08-24,5.5833333333333326e-05
2015-08-25,5.888888888888889e-05
2015-08-26,6.055555555555556e-05
2015-08-27,6.055555555555556e-05
2015-08-28,6.083333333333333e-05
2015-08-31,6.138888888888889e-05
2015-09-01,6.0277777777777776e-05
2015-09-02,6.111111111111112e-05
2015-09-03,6.055555555555556e-05
2015-09-04,5.9166666666666664e-05
2015-09-08,6.111111111111112e-05
2015-09-09,6.138888888888889e-05
2015-09-10,6.194444444444445e-05
2015-09-11,6.111111111111112e-05
2015-09-14,6.055555555555556e-05
2015-09-15,6.333333333333333e-05
2015-09-16,6.388888888888888e-05
2015-09-17,6.138888888888889e-05
2015-09-18,5.9166666666666664e-05
2015-09-21,6.111111111111112e-05
2015-09-22,5.944444444444445e-05
2015-09-23,6e-05
2015-09-24,5.9166666666666664e-05
2015-09-25,6.0277777777777776e-05
2015-09-28,5.833333333333334e-05
2015-09-29,5.694444444444444e-05
2015-09-30,5.722222222222222e-05
2015-10-01,5.694444444444444e-05
2015-10-02,5.5277777777777783e-05
2015-10-05,5.75e-05
2015-10-06,5.694444444444444e-05
2015-10-07,5.7777777777777776e-05
2015-10-08,5.888888888888889e-05
2015-10-09,5.888888888888889e-05
2015-10-13,5.722222222222222e-05
2015-10-14,5.5277777777777783e-05
2015-10-15,5.666666666666667e-05
2015-10-16,5.666666666666667e-05
2015-10-19,5.666666666666667e-05
2015-10-20,5.7777777777777776e-05
2015-10-21,5.666666666666667e-05
2015-10-22,5.666666666666667e-05
2015-10-23,5.805555555555555e-05
2015-10-26,5.75e-05
2015-10-27,5.694444444444444e-05
2015-10-28,5.833333333333334e-05
2015-10-29,6.083333333333333e-05
2015-10-30,6e-05
2015-11-02,6.111111111111112e-05
2015-11-03,6.194444444444445e-05
2015-11-04,6.25e-05
2015-11-05,6.277777777777777e-05
2015-11-06,6.5e-05
2015-11-09,6.555555555555556e-05
2015-11-10,6.444444444444444e-05
2015-11-12,6.444444444444444e-05
2015-11-13,6.333333333333333e-05
2015-11-16,6.305555555555556e-05
2015-11-17,6.25e-05
2015-11-18,6.305555555555556e-05
2015-11-19,6.222222222222223e-05
2015-11-20,6.277777777777777e-05
2015-11-23,6.25e-05
2015-11-24,6.222222222222223e-05
2015-11-25,6.194444444444445e-05
2015-11-27,6.166666666666667e-05
2015-11-30,6.138888888888889e-05
2015-12-01,5.972222222222222e-05
2015-12-02,6.055555555555556e-05
2015-12-03,6.472222222222223e-05
2015-12-04,6.333333333333333e-05
2015-12-07,6.194444444444445e-05
2015-12-08,6.222222222222223e-05
2015-12-09,6.166666666666667e-05
2015-12-10,6.222222222222223e-05
2015-12-11,5.9166666666666664e-05
2015-12-14,6.194444444444445e-05
2015-12-15,6.333333333333333e-05
2015-12-16,6.388888888888888e-05
2015-12-17,6.222222222222223e-05
2015-12-18,6.083333333333333e-05
2015-12-21,6.111111111111112e-05
2015-12-22,6.222222222222223e-05
2015-12-23,6.305555555555556e-05
2015-12-24,6.25e-05
2015-12-28,6.222222222222223e-05
2015-12-29,6.444444444444444e-05
2015-12-30,6.416666666666666e-05
2015-12-31,6.305555555555556e-05
2016-01-04,6.222222222222223e-05
2016-01-05,6.25e-05
2016-01-06,6.055555555555556e-05
2016-01-07,6e-05
2016-01-08,5.9166666666666664e-05
2016-01-11,6.0277777777777776e-05
2016-01-12,5.888888888888889e-05
2016-01-13,5.7777777777777776e-05
2016-01-14,5.833333333333334e-05
2016-01-15,5.638888888888888e-05
2016-01-19,5.722222222222222e-05
2016-01-20,5.5833333333333326e-05
2016-01-21,5.611111111111111e-05
2016-01-22,5.75e-05
2016-01-25,5.638888888888888e-05
2016-01-26,5.5833333333333326e-05
2016-01-27,5.611111111111111e-05
2016-01-28,5.555555555555556e-05
2016-01-29,5.388888888888889e-05
2016-02-01,5.472222222222222e-05
2016-02-02,5.1944444444444446e-05
2016-02-03,5.2222222222222214e-05
2016-02-04,5.1944444444444446e-05
2016-02-05,5.166666666666667e-05
2016-02-08,4.8611111111111115e-05
2016-02-09,4.833333333333333e-05
2016-02-10,4.75e-05
2016-02-11,4.527777777777777e-05
2016-02-12,4.833333333333333e-05
2016-02-16,4.9444444444444446e-05
2016-02-17,5.0277777777777784e-05
2016-02-18,4.8611111111111115e-05
2016-02-19,4.888888888888889e-05
2016-02-22,4.9166666666666665e-05
2016-02-23,4.833333333333333e-05
2016-02-24,4.8611111111111115e-05
2016-02-25,4.75e-05
2016-02-26,4.888888888888889e-05
2016-02-29,4.833333333333333e-05
2016-03-01,5.0833333333333333e-05
2016-03-02,5.111111111111111e-05
2016-03-03,5.0833333333333333e-05
2016-03-04,5.2222222222222214e-05
2016-03-07,5.305555555555555e-05
2016-03-08,5.0833333333333333e-05
2016-03-09,5.277777777777778e-05
2016-03-10,5.361111111111111e-05
2016-03-11,5.4999999999999995e-05
2016-03-14,5.472222222222222e-05
2016-03-15,5.472222222222222e-05
2016-03-16,5.388888888888889e-05
2016-03-17,5.305555555555555e-05
2016-03-18,5.2222222222222214e-05
2016-03-21,5.3333333333333326e-05
2016-03-22,5.388888888888889e-05
2016-03-23,5.2222222222222214e-05
2016-03-24,5.305555555555555e-05
2016-03-28,5.25e-05
2016-03-29,5.0277777777777784e-05
2016-03-30,5.0833333333333333e-05
2016-03-31,4.9444444444444446e-05
2016-04-01,4.972222222222222e-05
2016-04-04,4.9444444444444446e-05
2016-04-05,4.805555555555555e-05
2016-04-06,4.888888888888889e-05
2016-04-07,4.722222222222223e-05
2016-04-08,4.777777777777778e-05
2016-04-11,4.805555555555555e-05
2016-04-12,4.972222222222222e-05
2016-04-13,4.9166666666666665e-05
2016-04-14,5.000000000000001e-05
2016-04-15,4.888888888888889e-05
2016-04-18,4.9444444444444446e-05
2016-04-19,4.972222222222222e-05
2016-04-20,5.1388888888888896e-05
2016-04-21,5.2222222222222214e-05
2016-04-22,5.25e-05
2016-04-25,5.305555555555555e-05
2016-04-26,5.388888888888889e-05
2016-04-27,5.1944444444444446e-05
2016-04-28,5.111111111111111e-05
2016-04-29,5.0833333333333333e-05
2016-05-02,5.2222222222222214e-05
2016-05-03,5.0277777777777784e-05
2016-05-04,4.972222222222222e-05
2016-05-05,4.888888888888889e-05
2016-05-06,4.972222222222222e-05
2016-05-09,4.9166666666666665e-05
2016-05-10,4.9166666666666665e-05
2016-05-11,4.805555555555555e-05
2016-05-12,4.8611111111111115e-05
2016-05-13,4.75e-05
2016-05-16,4.8611111111111115e-05
2016-05-17,4.888888888888889e-05
2016-05-18,5.1944444444444446e-05
2016-05-19,5.1388888888888896e-05
2016-05-20,5.1388888888888896e-05
2016-05-23,5.111111111111111e-05
2016-05-24,5.166666666666667e-05
2016-05-25,5.1944444444444446e-05
2016-05-26,5.0833333333333333e-05
2016-05-27,5.1388888888888896e-05
2016-05-31,5.111111111111111e-05
2016-06-01,5.1388888888888896e-05
2016-06-02,5.0277777777777784e-05
2016-06-03,4.75e-05
2016-06-06,4.805555555555555e-05
2016-06-07,4.777777777777778e-05
2016-06-08,4.75e-05
2016-06-09,4.6666666666666665e-05
2016-06-10,4.555555555555555e-05
2016-06-13,4.500000000000001e-05
2016-06-14,4.500000000000001e-05
2016-06-15,4.4444444444444447e-05
2016-06-16,4.3611111111111116e-05
2016-06-17,4.500000000000001e-05
2016-06-20,4.638888888888889e-05
2016-06-21,4.75e-05
2016-06-22,4.694444444444444e-05
2016-06-23,4.833333333333333e-05
2016-06-24,4.3611111111111116e-05
2016-06-27,4.055555555555555e-05
2016-06-28,4.055555555555555e-05
2016-06-29,4.1666666666666665e-05
2016-06-30,4.138888888888889e-05
2016-07-01,4.055555555555555e-05
2016-07-05,3.805555555555556e-05
2016-07-06,3.8333333333333334e-05
2016-07-07,3.8888888888888884e-05
2016-07-08,3.805555555555556e-05
2016-07-11,3.972222222222222e-05
2016-07-12,4.25e-05
2016-07-13,4.1111111111111116e-05
2016-07-14,4.25e-05
2016-07-15,4.4444444444444447e-05
2016-07-18,4.416666666666667e-05
2016-07-19,4.3333333333333334e-05
2016-07-20,4.416666666666667e-05
2016-07-21,4.3611111111111116e-05
2016-07-22,4.3611111111111116e-05
2016-07-25,4.388888888888889e-05
2016-07-26,4.3611111111111116e-05
2016-07-27,4.222222222222222e-05
2016-07-28,4.222222222222222e-05
2016-07-29,4.055555555555555e-05
2016-08-01,4.194444444444445e-05
2016-08-02,4.305555555555555e-05
2016-08-03,4.305555555555555e-05
2016-08-04,4.194444444444445e-05
2016-08-05,4.416666666666667e-05
2016-08-08,4.416666666666667e-05
2016-08-09,4.305555555555555e-05
2016-08-10,4.1666666666666665e-05
2016-08-11,4.3611111111111116e-05
2016-08-12,4.194444444444445e-05
2016-08-15,4.305555555555555e-05
2016-08-16,4.3611111111111116e-05
2016-08-17,4.3333333333333334e-05
2016-08-18,4.25e-05
2016-08-19,4.388888888888889e-05
2016-08-22,4.305555555555555e-05
2016-08-23,4.305555555555555e-05
2016-08-24,4.3333333333333334e-05
2016-08-25,4.388888888888889e-05
2016-08-26,4.500000000000001e-05
2016-08-29,4.3611111111111116e-05
2016-08-30,4.3611111111111116e-05
2016-08-31,4.388888888888889e-05
2016-09-01,4.3611111111111116e-05
2016-09-02,4.4444444444444447e-05
2016-09-06,4.305555555555555e-05
2016-09-07,4.277777777777778e-05
2016-09-08,4.472222222222222e-05
2016-09-09,4.638888888888889e-05
2016-09-12,4.6666666666666665e-05
2016-09-13,4.805555555555555e-05
2016-09-14,4.722222222222223e-05
2016-09-15,4.75e-05
2016-09-16,4.722222222222223e-05
2016-09-19,4.722222222222223e-05
2016-09-20,4.694444444444444e-05
2016-09-21,4.611111111111111e-05
2016-09-22,4.527777777777777e-05
2016-09-23,4.500000000000001e-05
2016-09-26,4.416666666666667e-05
2016-09-27,4.3333333333333334e-05
2016-09-28,4.3611111111111116e-05
2016-09-29,4.3333333333333334e-05
2016-09-30,4.4444444444444447e-05
2016-10-03,4.527777777777777e-05
2016-10-04,4.694444444444444e-05
2016-10-05,4.777777777777778e-05
2016-10-06,4.8611111111111115e-05
2016-10-07,4.805555555555555e-05
2016-10-11,4.9166666666666665e-05
2016-10-12,4.972222222222222e-05
2016-10-13,4.8611111111111115e-05
2016-10-14,5.000000000000001e-05
2016-10-17,4.9166666666666665e-05
2016-10-18,4.8611111111111115e-05
2016-10-19,4.888888888888889e-05
2016-10-20,4.888888888888889e-05
2016-10-21,4.833333333333333e-05
2016-10-24,4.9166666666666665e-05
2016-10-25,4.9166666666666665e-05
2016-10-26,4.972222222222222e-05
2016-10-27,5.1388888888888896e-05
2016-10-28,5.166666666666667e-05
2016-10-31,5.111111111111111e-05
2016-11-01,5.0833333333333333e-05
2016-11-02,5.0277777777777784e-05
2016-11-03,5.055555555555556e-05
2016-11-04,4.972222222222222e-05
2016-11-07,5.0833333333333333e-05
2016-11-08,5.2222222222222214e-05
2016-11-09,5.75e-05
2016-11-10,5.972222222222222e-05
2016-11-14,6.194444444444445e-05
2016-11-15,6.194444444444445e-05
2016-11-16,6.166666666666667e-05
2016-11-17,6.361111111111111e-05
2016-11-18,6.5e-05
2016-11-21,6.472222222222223e-05
2016-11-22,6.416666666666666e-05
2016-11-23,6.555555555555556e-05
2016-11-25,6.555555555555556e-05
2016-11-28,6.444444444444444e-05
2016-11-29,6.388888888888888e-05
2016-11-30,6.583333333333334e-05
2016-12-01,6.805555555555556e-05
2016-12-02,6.666666666666667e-05
2016-12-05,6.638888888888889e-05
2016-12-06,6.638888888888889e-05
2016-12-07,6.5e-05
2016-12-08,6.666666666666667e-05
2016-12-09,6.861111111111111e-05
2016-12-12,6.916666666666668e-05
2016-12-13,6.888888888888888e-05
2016-12-14,7.055555555555556e-05
2016-12-15,7.222222222222223e-05
2016-12-16,7.222222222222223e-05
2016-12-19,7.055555555555556e-05
2016-12-20,7.138888888888887e-05
2016-12-21,7.083333333333332e-05
2016-12-22,7.083333333333332e-05
2016-12-23,7.083333333333332e-05
2016-12-27,7.138888888888887e-05
2016-12-28,6.972222222222221e-05
2016-12-29,6.916666666666668e-05
2016-12-30,6.805555555555556e-05
2017-01-03,6.805555555555556e-05
2017-01-04,6.833333333333333e-05
2017-01-05,6.583333333333334e-05
2017-01-06,6.722222222222222e-05
2017-01-09,6.611111111111111e-05
2017-01-10,6.611111111111111e-05
2017-01-11,6.611111111111111e-05
2017-01-12,6.555555555555556e-05
2017-01-13,6.666666666666667e-05
2017-01-17,6.472222222222223e-05
2017-01-18,6.722222222222222e-05
2017-01-19,6.861111111111111e-05
2017-01-20,6.888888888888888e-05
2017-01-23,6.694444444444444e-05
2017-01-24,6.861111111111111e-05
2017-01-25,7.027777777777778e-05
2017-01-26,6.972222222222221e-05
2017-01-27,6.916666666666668e-05
2017-01-30,6.916666666666668e-05
2017-01-31,6.805555555555556e-05
2017-02-01,6.888888888888888e-05
2017-02-02,6.888888888888888e-05
2017-02-03,6.916666666666668e-05
2017-02-06,6.722222222222222e-05
2017-02-07,6.666666666666667e-05
2017-02-08,6.5e-05
2017-02-09,6.666666666666667e-05
2017-02-10,6.694444444444444e-05
2017-02-13,6.75e-05
2017-02-14,6.861111111111111e-05
2017-02-15,6.972222222222221e-05
2017-02-16,6.805555555555556e-05
2017-02-17,6.722222222222222e-05
2017-02-21,6.75e-05
2017-02-22,6.722222222222222e-05
2017-02-23,6.611111111111111e-05
2017-02-24,6.416666666666666e-05
2017-02-27,6.555555555555556e-05
2017-02-28,6.555555555555556e-05
2017-03-01,6.833333333333333e-05
2017-03-02,6.916666666666668e-05
2017-03-03,6.916666666666668e-05
2017-03-06,6.916666666666668e-05
2017-03-07,7e-05
2017-03-08,7.138888888888887e-05
2017-03-09,7.222222222222223e-05
2017-03-10,7.166666666666667e-05
2017-03-13,7.277777777777778e-05
2017-03-14,7.222222222222223e-05
2017-03-15,6.972222222222221e-05
2017-03-16,7.027777777777778e-05
2017-03-17,6.944444444444444e-05
2017-03-20,6.861111111111111e-05
2017-03-21,6.75e-05
2017-03-22,6.666666666666667e-05
2017-03-23,6.694444444444444e-05
2017-03-24,6.666666666666667e-05
2017-03-27,6.611111111111111e-05
2017-03-28,6.722222222222222e-05
2017-03-29,6.638888888888889e-05
2017-03-30,6.722222222222222e-05
2017-03-31,6.666666666666667e-05
2017-04-03,6.527777777777778e-05
2017-04-04,6.555555555555556e-05
2017-04-05,6.5e-05
2017-04-06,6.5e-05
2017-04-07,6.611111111111111e-05
2017-04-10,6.583333333333334e-05
2017-04-11,6.444444444444444e-05
2017-04-12,6.333333333333333e-05
2017-04-13,6.222222222222223e-05
2017-04-17,6.277777777777777e-05
2017-04-18,6.055555555555556e-05
2017-04-19,6.138888888888889e-05
2017-04-20,6.222222222222223e-05
2017-04-21,6.222222222222223e-05
2017-04-24,6.333333333333333e-05
2017-04-25,6.527777777777778e-05
2017-04-26,6.444444444444444e-05
2017-04-27,6.388888888888888e-05
2017-04-28,6.361111111111111e-05
2017-05-01,6.472222222222223e-05
2017-05-02,6.361111111111111e-05
2017-05-03,6.472222222222223e-05
2017-05-04,6.555555555555556e-05
2017-05-05,6.555555555555556e-05
2017-05-08,6.638888888888889e-05
2017-05-09,6.722222222222222e-05
2017-05-10,6.694444444444444e-05
2017-05-11,6.638888888888889e-05
2017-05-12,6.472222222222223e-05
2017-05-15,6.5e-05
2017-05-16,6.472222222222223e-05
2017-05-17,6.166666666666667e-05
2017-05-18,6.194444444444445e-05
2017-05-19,6.194444444444445e-05
2017-05-22,6.25e-05
2017-05-23,6.361111111111111e-05
2017-05-24,6.277777777777777e-05
2017-05-25,6.25e-05
2017-05-26,6.25e-05
2017-05-30,6.138888888888889e-05
2017-05-31,6.138888888888889e-05
2017-06-01,6.138888888888889e-05
2017-06-02,5.972222222222222e-05
2017-06-05,6.055555555555556e-05
2017-06-06,5.944444444444445e-05
2017-06-07,6.055555555555556e-05
2017-06-08,6.083333333333333e-05
2017-06-09,6.138888888888889e-05
2017-06-12,6.138888888888889e-05
2017-06-13,6.138888888888889e-05
2017-06-14,5.972222222222222e-05
2017-06-15,6e-05
2017-06-16,6e-05
2017-06-19,6.083333333333333e-05
2017-06-20,6e-05
2017-06-21,6e-05
2017-06-22,5.972222222222222e-05
2017-06-23,5.972222222222222e-05
2017-06-26,5.944444444444445e-05
2017-06-27,6.138888888888889e-05
2017-06-28,6.166666666666667e-05
2017-06-29,6.305555555555556e-05
2017-06-30,6.416666666666666e-05
2017-07-03,6.527777777777778e-05
2017-07-05,6.472222222222223e-05
2017-07-06,6.583333333333334e-05
2017-07-07,6.638888888888889e-05
2017-07-10,6.611111111111111e-05
2017-07-11,6.583333333333334e-05
2017-07-12,6.472222222222223e-05
2017-07-13,6.527777777777778e-05
2017-07-14,6.472222222222223e-05
2017-07-17,6.416666666666666e-05
2017-07-18,6.305555555555556e-05
2017-07-19,6.305555555555556e-05
2017-07-20,6.305555555555556e-05
2017-07-21,6.222222222222223e-05
2017-07-24,6.277777777777777e-05
2017-07-25,6.472222222222223e-05
2017-07-26,6.361111111111111e-05
2017-07-27,6.444444444444444e-05
2017-07-28,6.388888888888888e-05
2017-07-31,6.388888888888888e-05
2017-08-01,6.277777777777777e-05
2017-08-02,6.305555555555556e-05
2017-08-03,6.222222222222223e-05
2017-08-04,6.305555555555556e-05
2017-08-07,6.277777777777777e-05
2017-08-08,6.361111111111111e-05
2017-08-09,6.222222222222223e-05
2017-08-10,6.111111111111112e-05
2017-08-11,6.083333333333333e-05
2017-08-14,6.166666666666667e-05
2017-08-15,6.305555555555556e-05
2017-08-16,6.194444444444445e-05
2017-08-17,6.083333333333333e-05
2017-08-18,6.083333333333333e-05
2017-08-21,6.055555555555556e-05
2017-08-22,6.166666666666667e-05
2017-08-23,6.0277777777777776e-05
2017-08-24,6.083333333333333e-05
2017-08-25,6.0277777777777776e-05
2017-08-28,6e-05
2017-08-29,5.9166666666666664e-05
2017-08-30,5.972222222222222e-05
2017-08-31,5.888888888888889e-05
2017-09-01,6e-05
2017-09-05,5.75e-05
2017-09-06,5.833333333333334e-05
2017-09-07,5.694444444444444e-05
2017-09-08,5.722222222222222e-05
2017-09-11,5.944444444444445e-05
2017-09-12,6.0277777777777776e-05
2017-09-13,6.111111111111112e-05
2017-09-14,6.111111111111112e-05
2017-09-15,6.111111111111112e-05
2017-09-18,6.194444444444445e-05
2017-09-19,6.222222222222223e-05
2017-09-20,6.333333333333333e-05
2017-09-21,6.305555555555556e-05
2017-09-22,6.277777777777777e-05
2017-09-25,6.166666666666667e-05
2017-09-26,6.222222222222223e-05
2017-09-27,6.416666666666666e-05
2017-09-28,6.416666666666666e-05
2017-09-29,6.472222222222223e-05
2017-10-02,6.5e-05
2017-10-03,6.472222222222223e-05
2017-10-04,6.472222222222223e-05
2017-10-05,6.527777777777778e-05
2017-10-06,6.583333333333334e-05
2017-10-10,6.527777777777778e-05
2017-10-11,6.527777777777778e-05
2017-10-12,6.472222222222223e-05
2017-10-13,6.333333333333333e-05
2017-10-16,6.388888888888888e-05
2017-10-17,6.388888888888888e-05
2017-10-18,6.5e-05
2017-10-19,6.472222222222223e-05
2017-10-20,6.638888888888889e-05
2017-10-23,6.611111111111111e-05
2017-10-24,6.722222222222222e-05
2017-10-25,6.777777777777777e-05
2017-10-26,6.833333333333333e-05
2017-10-27,6.722222222222222e-05
2017-10-30,6.583333333333334e-05
2017-10-31,6.611111111111111e-05
2017-11-01,6.583333333333334e-05
2017-11-02,6.527777777777778e-05
2017-11-03,6.5e-05
2017-11-06,6.444444444444444e-05
2017-11-07,6.444444444444444e-05
2017-11-08,6.444444444444444e-05
2017-11-09,6.472222222222223e-05
2017-11-10,6.666666666666667e-05
2017-11-13,6.666666666666667e-05
2017-11-14,6.611111111111111e-05
2017-11-15,6.472222222222223e-05
2017-11-16,6.583333333333334e-05
2017-11-17,6.527777777777778e-05
2017-11-20,6.583333333333334e-05
2017-11-21,6.555555555555556e-05
2017-11-22,6.444444444444444e-05
2017-11-24,6.5e-05
2017-11-27,6.444444444444444e-05
2017-11-28,6.5e-05
2017-11-29,6.583333333333334e-05
2017-11-30,6.722222222222222e-05
2017-12-01,6.583333333333334e-05
2017-12-04,6.583333333333334e-05
2017-12-05,6.555555555555556e-05
2017-12-06,6.472222222222223e-05
2017-12-07,6.583333333333334e-05
2017-12-08,6.611111111111111e-05
2017-12-11,6.638888888888889e-05
2017-12-12,6.666666666666667e-05
2017-12-13,6.555555555555556e-05
2017-12-14,6.527777777777778e-05
2017-12-15,6.527777777777778e-05
2017-12-18,6.638888888888889e-05
2017-12-19,6.833333333333333e-05
2017-12-20,6.916666666666668e-05
2017-12-21,6.888888888888888e-05
2017-12-22,6.888888888888888e-05
2017-12-26,6.861111111111111e-05
2017-12-27,6.722222222222222e-05
2017-12-28,6.75e-05
2017-12-29,6.666666666666667e-05
2018-01-02,6.833333333333333e-05
2018-01-03,6.777777777777777e-05
2018-01-04,6.833333333333333e-05
2018-01-05,6.861111111111111e-05
2018-01-08,6.916666666666668e-05
2018-01-09,7.083333333333332e-05
2018-01-10,7.083333333333332e-05
2018-01-11,7.055555555555556e-05
2018-01-12,7.083333333333332e-05
2018-01-16,7.055555555555556e-05
2018-01-17,7.138888888888887e-05
2018-01-18,7.277777777777778e-05
2018-01-19,7.333333333333333e-05
2018-01-22,7.38888888888889e-05
2018-01-23,7.305555555555556e-05
2018-01-24,7.361111111111111e-05
2018-01-25,7.305555555555556e-05
2018-01-26,7.38888888888889e-05
2018-01-29,7.500000000000001e-05
2018-01-30,7.583333333333334e-05
2018-01-31,7.555555555555556e-05
2018-02-01,7.722222222222222e-05
2018-02-02,7.888888888888888e-05
2018-02-05,7.694444444444444e-05
2018-02-06,7.75e-05
2018-02-07,7.888888888888888e-05
2018-02-08,7.916666666666668e-05
2018-02-09,7.861111111111111e-05
2018-02-12,7.944444444444444e-05
2018-02-13,7.861111111111111e-05
2018-02-14,8.083333333333334e-05
2018-02-15,8.055555555555556e-05
2018-02-16,7.972222222222223e-05
2018-02-20,7.999999999999999e-05
2018-02-21,8.166666666666667e-05
2018-02-22,8.11111111111111e-05
2018-02-23,7.999999999999999e-05
2018-02-26,7.944444444444444e-05
2018-02-27,8.055555555555556e-05
2018-02-28,7.972222222222223e-05
2018-03-01,7.805555555555555e-05
2018-03-02,7.944444444444444e-05
2018-03-05,7.999999999999999e-05
2018-03-06,7.999999999999999e-05
2018-03-07,8.027777777777779e-05
2018-03-08,7.944444444444444e-05
2018-03-09,8.055555555555556e-05
2018-03-12,7.972222222222223e-05
2018-03-13,7.888888888888888e-05
2018-03-14,7.805555555555555e-05
2018-03-15,7.833333333333333e-05
2018-03-16,7.916666666666668e-05
2018-03-19,7.916666666666668e-05
2018-03-20,8.027777777777779e-05
2018-03-21,8.027777777777779e-05
2018-03-22,7.861111111111111e-05
2018-03-23,7.833333333333333e-05
2018-03-26,7.916666666666668e-05
2018-03-27,7.722222222222222e-05
2018-03-28,7.694444444444444e-05
2018-03-29,7.611111111111112e-05
2018-04-02,7.583333333333334e-05
2018-04-03,7.75e-05
2018-04-04,7.75e-05
2018-04-05,7.861111111111111e-05
2018-04-06,7.694444444444444e-05
2018-04-09,7.722222222222222e-05
2018-04-10,7.777777777777777e-05
2018-04-11,7.75e-05
2018-04-12,7.861111111111111e-05
2018-04-13,7.833333333333333e-05
2018-04-16,7.861111111111111e-05
2018-04-17,7.833333333333333e-05
2018-04-18,7.972222222222223e-05
2018-04-19,8.11111111111111e-05
2018-04-20,8.222222222222223e-05
2018-04-23,8.277777777777778e-05
2018-04-24,8.333333333333333e-05
2018-04-25,8.416666666666666e-05
2018-04-26,8.333333333333333e-05
2018-04-27,8.222222222222223e-05
2018-04-30,8.194444444444445e-05
2018-05-01,8.25e-05
2018-05-02,8.25e-05
2018-05-03,8.166666666666667e-05
2018-05-04,8.194444444444445e-05
2018-05-07,8.194444444444445e-05
2018-05-08,8.25e-05
2018-05-09,8.333333333333333e-05
2018-05-10,8.25e-05
2018-05-11,8.25e-05
2018-05-14,8.333333333333333e-05
2018-05-15,8.555555555555556e-05
2018-05-16,8.583333333333332e-05
2018-05-17,8.638888888888889e-05
2018-05-18,8.5e-05
2018-05-21,8.5e-05
2018-05-22,8.5e-05
2018-05-23,8.361111111111111e-05
2018-05-24,8.277777777777778e-05
2018-05-25,8.13888888888889e-05
2018-05-29,7.694444444444444e-05
2018-05-30,7.888888888888888e-05
2018-05-31,7.861111111111111e-05
2018-06-01,8.027777777777779e-05
2018-06-04,8.166666666666667e-05
2018-06-05,8.11111111111111e-05
2018-06-06,8.25e-05
2018-06-07,8.13888888888889e-05
2018-06-08,8.13888888888889e-05
2018-06-11,8.222222222222223e-05
2018-06-12,8.222222222222223e-05
2018-06-13,8.277777777777778e-05
2018-06-14,8.166666666666667e-05
2018-06-15,8.13888888888889e-05
2018-06-18,8.11111111111111e-05
2018-06-19,8.027777777777779e-05
2018-06-20,8.13888888888889e-05
2018-06-21,8.055555555555556e-05
2018-06-22,8.055555555555556e-05
2018-06-25,7.972222222222223e-05
2018-06-26,7.999999999999999e-05
2018-06-27,7.861111111111111e-05
2018-06-28,7.888888888888888e-05
2018-06-29,7.916666666666668e-05
2018-07-02,7.972222222222223e-05
2018-07-03,7.861111111111111e-05
2018-07-05,7.888888888888888e-05
2018-07-06,7.833333333333333e-05
2018-07-09,7.944444444444444e-05
2018-07-10,7.972222222222223e-05
2018-07-11,7.916666666666668e-05
2018-07-12,7.916666666666668e-05
2018-07-13,7.861111111111111e-05
2018-07-16,7.916666666666668e-05
2018-07-17,7.944444444444444e-05
2018-07-18,7.999999999999999e-05
2018-07-19,7.888888888888888e-05
2018-07-20,8.027777777777779e-05
2018-07-23,8.222222222222223e-05
2018-07-24,8.194444444444445e-05
2018-07-25,8.166666666666667e-05
2018-07-26,8.277777777777778e-05
2018-07-27,8.222222222222223e-05
2018-07-30,8.277777777777778e-05
2018-07-31,8.222222222222223e-05
2018-08-01,8.333333333333333e-05
2018-08-02,8.277777777777778e-05
2018-08-03,8.194444444444445e-05
2018-08-06,8.166666666666667e-05
2018-08-07,8.277777777777778e-05
2018-08-08,8.222222222222223e-05
2018-08-09,8.13888888888889e-05
2018-08-10,7.972222222222223e-05
2018-08-13,7.999999999999999e-05
2018-08-14,8.027777777777779e-05
2018-08-15,7.944444444444444e-05
2018-08-16,7.972222222222223e-05
2018-08-17,7.972222222222223e-05
2018-08-20,7.833333333333333e-05
2018-08-21,7.916666666666668e-05
2018-08-22,7.833333333333333e-05
2018-08-23,7.833333333333333e-05
2018-08-24,7.833333333333333e-05
2018-08-27,7.916666666666668e-05
2018-08-28,7.999999999999999e-05
2018-08-29,8.027777777777779e-05
2018-08-30,7.944444444444444e-05
2018-08-31,7.944444444444444e-05
2018-09-04,8.055555555555556e-05
2018-09-05,8.055555555555556e-05
2018-09-06,7.999999999999999e-05
2018-09-07,8.166666666666667e-05
2018-09-10,8.166666666666667e-05
2018-09-11,8.277777777777778e-05
2018-09-12,8.25e-05
2018-09-13,8.25e-05
2018-09-14,8.305555555555556e-05
2018-09-17,8.305555555555556e-05
2018-09-18,8.472222222222222e-05
2018-09-19,8.555555555555556e-05
2018-09-20,8.527777777777777e-05
2018-09-21,8.527777777777777e-05
2018-09-24,8.555555555555556e-05
2018-09-25,8.61111111111111e-05
2018-09-26,8.5e-05
2018-09-27,8.5e-05
2018-09-28,8.472222222222222e-05
2018-10-01,8.583333333333332e-05
2018-10-02,8.472222222222222e-05
2018-10-03,8.75e-05
2018-10-04,8.861111111111111e-05
2018-10-05,8.972222222222222e-05
2018-10-09,8.916666666666666e-05
2018-10-10,8.944444444444444e-05
2018-10-11,8.722222222222223e-05
2018-10-12,8.75e-05
2018-10-15,8.777777777777778e-05
2018-10-16,8.777777777777778e-05
2018-10-17,8.861111111111111e-05
2018-10-18,8.805555555555555e-05
2018-10-19,8.888888888888889e-05
2018-10-22,8.888888888888889e-05
2018-10-23,8.805555555555555e-05
2018-10-24,8.61111111111111e-05
2018-10-25,8.722222222222223e-05
2018-10-26,8.555555555555556e-05
2018-10-29,8.555555555555556e-05
2018-10-30,8.666666666666667e-05
2018-10-31,8.75e-05
2018-11-01,8.722222222222223e-05
2018-11-02,8.944444444444444e-05
2018-11-05,8.888888888888889e-05
2018-11-06,8.944444444444444e-05
2018-11-07,8.944444444444444e-05
2018-11-08,9.000000000000002e-05
2018-11-09,8.861111111111111e-05
2018-11-13,8.722222222222223e-05
2018-11-14,8.666666666666667e-05
2018-11-15,8.638888888888889e-05
2018-11-16,8.555555555555556e-05
2018-11-19,8.5e-05
2018-11-20,8.5e-05
2018-11-21,8.5e-05
2018-11-23,8.472222222222222e-05
2018-11-26,8.527777777777777e-05
2018-11-27,8.5e-05
2018-11-28,8.5e-05
2018-11-29,8.416666666666666e-05
2018-11-30,8.361111111111111e-05
2018-12-03,8.277777777777778e-05
2018-12-04,8.083333333333334e-05
2018-12-06,7.972222222222223e-05
2018-12-07,7.916666666666668e-05
2018-12-10,7.916666666666668e-05
2018-12-11,8.027777777777779e-05
2018-12-12,8.083333333333334e-05
2018-12-13,8.083333333333334e-05
2018-12-14,8.027777777777779e-05
2018-12-17,7.944444444444444e-05
2018-12-18,7.833333333333333e-05
2018-12-19,7.694444444444444e-05
2018-12-20,7.75e-05
2018-12-21,7.75e-05
2018-12-24,7.611111111111112e-05
2018-12-26,7.805555555555555e-05
2018-12-27,7.694444444444444e-05
2018-12-28,7.555555555555556e-05
2018-12-31,7.472222222222223e-05
2019-01-02,7.38888888888889e-05
2019-01-03,7.111111111111112e-05
2019-01-04,7.416666666666666e-05
2019-01-07,7.500000000000001e-05
2019-01-08,7.583333333333334e-05
2019-01-09,7.611111111111112e-05
2019-01-10,7.611111111111112e-05
2019-01-11,7.527777777777777e-05
2019-01-14,7.527777777777777e-05
2019-01-15,7.555555555555556e-05
2019-01-16,7.583333333333334e-05
2019-01-17,7.638888888888889e-05
2019-01-18,7.75e-05
2019-01-22,7.611111111111112e-05
2019-01-23,7.666666666666667e-05
2019-01-24,7.555555555555556e-05
2019-01-25,7.666666666666667e-05
2019-01-28,7.638888888888889e-05
2019-01-29,7.555555555555556e-05
2019-01-30,7.500000000000001e-05
2019-01-31,7.305555555555556e-05
2019-02-01,7.500000000000001e-05
2019-02-04,7.583333333333334e-05
2019-02-05,7.527777777777777e-05
2019-02-06,7.500000000000001e-05
2019-02-07,7.361111111111111e-05
2019-02-08,7.305555555555556e-05
2019-02-11,7.361111111111111e-05
2019-02-12,7.444444444444444e-05
2019-02-13,7.527777777777777e-05
2019-02-14,7.38888888888889e-05
2019-02-15,7.38888888888889e-05
2019-02-19,7.361111111111111e-05
2019-02-20,7.361111111111111e-05
2019-02-21,7.472222222222223e-05
2019-02-22,7.361111111111111e-05
2019-02-25,7.416666666666666e-05
2019-02-26,7.333333333333333e-05
2019-02-27,7.472222222222223e-05
2019-02-28,7.583333333333334e-05
2019-03-01,7.666666666666667e-05
2019-03-04,7.555555555555556e-05
2019-03-05,7.555555555555556e-05
2019-03-06,7.472222222222223e-05
2019-03-07,7.333333333333333e-05
2019-03-08,7.277777777777778e-05
2019-03-11,7.333333333333333e-05
2019-03-12,7.25e-05
2019-03-13,7.25e-05
2019-03-14,7.305555555555556e-05
2019-03-15,7.194444444444444e-05
2019-03-18,7.222222222222223e-05
2019-03-19,7.25e-05
2019-03-20,7.055555555555556e-05
2019-03-21,7.055555555555556e-05
2019-03-22,6.777777777777777e-05
2019-03-25,6.75e-05
2019-03-26,6.694444444444444e-05
2019-03-27,6.638888888888889e-05
2019-03-28,6.638888888888889e-05
2019-03-29,6.694444444444444e-05
2019-04-01,6.916666666666668e-05
2019-04-02,6.888888888888888e-05
2019-04-03,7e-05
2019-04-04,6.972222222222221e-05
2019-04-05,6.944444444444444e-05
2019-04-08,7e-05
2019-04-09,6.972222222222221e-05
2019-04-10,6.888888888888888e-05
2019-04-11,6.972222222222221e-05
2019-04-12,7.111111111111112e-05
2019-04-15,7.083333333333332e-05
2019-04-16,7.222222222222223e-05
2019-04-17,7.194444444444444e-05
2019-04-18,7.138888888888887e-05
2019-04-22,7.194444444444444e-05
2019-04-23,7.138888888888887e-05
2019-04-24,7.027777777777778e-05
2019-04-25,7.055555555555556e-05
2019-04-26,6.972222222222221e-05
2019-04-29,7.055555555555556e-05
2019-04-30,6.972222222222221e-05
2019-05-01,7e-05
2019-05-02,7.083333333333332e-05
2019-05-03,7.055555555555556e-05
2019-05-06,6.972222222222221e-05
2019-05-07,6.805555555555556e-05
2019-05-08,6.916666666666668e-05
2019-05-09,6.805555555555556e-05
2019-05-10,6.861111111111111e-05
2019-05-13,6.666666666666667e-05
2019-05-14,6.722222222222222e-05
2019-05-15,6.583333333333334e-05
2019-05-16,6.666666666666667e-05
2019-05-17,6.638888888888889e-05
2019-05-20,6.694444444444444e-05
2019-05-21,6.75e-05
2019-05-22,6.638888888888889e-05
2019-05-23,6.416666666666666e-05
2019-05-24,6.444444444444444e-05
2019-05-28,6.277777777777777e-05
2019-05-29,6.25e-05
2019-05-30,6.166666666666667e-05
2019-05-31,5.944444444444445e-05
2019-06-03,5.75e-05
2019-06-04,5.888888888888889e-05
2019-06-05,5.888888888888889e-05
2019-06-06,5.888888888888889e-05
2019-06-07,5.805555555555555e-05
2019-06-10,5.972222222222222e-05
2019-06-11,5.972222222222222e-05
2019-06-12,5.9166666666666664e-05
2019-06-13,5.833333333333334e-05
2019-06-14,5.805555555555555e-05
2019-06-17,5.805555555555555e-05
2019-06-18,5.722222222222222e-05
2019-06-19,5.638888888888888e-05
2019-06-20,5.5833333333333326e-05
2019-06-21,5.75e-05
2019-06-24,5.611111111111111e-05
2019-06-25,5.555555555555556e-05
2019-06-26,5.694444444444444e-05
2019-06-27,5.5833333333333326e-05
2019-06-28,5.555555555555556e-05
2019-07-01,5.638888888888888e-05
2019-07-02,5.4999999999999995e-05
2019-07-03,5.4444444444444446e-05
2019-07-05,5.666666666666667e-05
2019-07-08,5.694444444444444e-05
2019-07-09,5.75e-05
2019-07-10,5.75e-05
2019-07-11,5.9166666666666664e-05
2019-07-12,5.888888888888889e-05
2019-07-15,5.805555555555555e-05
2019-07-16,5.9166666666666664e-05
2019-07-17,5.722222222222222e-05
2019-07-18,5.666666666666667e-05
2019-07-19,5.694444444444444e-05
2019-07-22,5.694444444444444e-05
2019-07-23,5.7777777777777776e-05
2019-07-24,5.694444444444444e-05
2019-07-25,5.7777777777777776e-05
2019-07-26,5.7777777777777776e-05
2019-07-29,5.722222222222222e-05
2019-07-30,5.722222222222222e-05
2019-07-31,5.611111111111111e-05
2019-08-01,5.277777777777778e-05
2019-08-02,5.166666666666667e-05
2019-08-05,4.8611111111111115e-05
2019-08-06,4.805555555555555e-05
2019-08-07,4.75e-05
2019-08-08,4.777777777777778e-05
2019-08-09,4.833333333333333e-05
2019-08-12,4.5833333333333334e-05
2019-08-13,4.6666666666666665e-05
2019-08-14,4.416666666666667e-05
2019-08-15,4.222222222222222e-05
2019-08-16,4.305555555555555e-05
2019-08-19,4.4444444444444447e-05
2019-08-20,4.305555555555555e-05
2019-08-21,4.416666666666667e-05
2019-08-22,4.500000000000001e-05
2019-08-23,4.222222222222222e-05
2019-08-26,4.277777777777778e-05
2019-08-27,4.138888888888889e-05
2019-08-28,4.0833333333333334e-05
2019-08-29,4.1666666666666665e-05
2019-08-30,4.1666666666666665e-05
2019-09-03,4.0833333333333334e-05
2019-09-04,4.0833333333333334e-05
2019-09-05,4.3611111111111116e-05
2019-09-06,4.305555555555555e-05
2019-09-09,4.527777777777777e-05
2019-09-10,4.777777777777778e-05
2019-09-11,4.8611111111111115e-05
2019-09-12,4.972222222222222e-05
2019-09-13,5.277777777777778e-05
2019-09-16,5.111111111111111e-05
2019-09-17,5.0277777777777784e-05
2019-09-18,5.000000000000001e-05
2019-09-19,4.972222222222222e-05
2019-09-20,4.833333333333333e-05
2019-09-23,4.777777777777778e-05
2019-09-24,4.555555555555555e-05
2019-09-25,4.805555555555555e-05
2019-09-26,4.722222222222223e-05
2019-09-27,4.694444444444444e-05
2019-09-30,4.6666666666666665e-05
2019-10-01,4.5833333333333334e-05
2019-10-02,4.4444444444444447e-05
2019-10-03,4.277777777777778e-05
2019-10-04,4.222222222222222e-05
2019-10-07,4.3333333333333334e-05
2019-10-08,4.277777777777778e-05
2019-10-09,4.416666666666667e-05
2019-10-10,4.638888888888889e-05
2019-10-11,4.888888888888889e-05
2019-10-15,4.9166666666666665e-05
2019-10-16,4.8611111111111115e-05
2019-10-17,4.888888888888889e-05
2019-10-18,4.888888888888889e-05
2019-10-21,5.000000000000001e-05
2019-10-22,4.9444444444444446e-05
2019-10-23,4.9166666666666665e-05
2019-10-24,4.9166666666666665e-05
2019-10-25,5.000000000000001e-05
2019-10-28,5.1388888888888896e-05
2019-10-29,5.111111111111111e-05
2019-10-30,4.9444444444444446e-05
2019-10-31,4.694444444444444e-05
2019-11-01,4.805555555555555e-05
2019-11-04,4.972222222222222e-05
2019-11-05,5.166666666666667e-05
2019-11-06,5.0277777777777784e-05
2019-11-07,5.3333333333333326e-05
2019-11-08,5.388888888888889e-05
2019-11-12,5.3333333333333326e-05
2019-11-13,5.2222222222222214e-05
2019-11-14,5.055555555555556e-05
2019-11-15,5.111111111111111e-05
2019-11-18,5.0277777777777784e-05
2019-11-19,4.972222222222222e-05
2019-11-20,4.805555555555555e-05
2019-11-21,4.9166666666666665e-05
2019-11-22,4.9166666666666665e-05
2019-11-25,4.888888888888889e-05
2019-11-26,4.833333333333333e-05
2019-11-27,4.9166666666666665e-05
2019-11-29,4.9444444444444446e-05
2019-12-02,5.0833333333333333e-05
2019-12-03,4.777777777777778e-05
2019-12-04,4.9166666666666665e-05
2019-12-05,5.000000000000001e-05
2019-12-06,5.111111111111111e-05
2019-12-09,5.0833333333333333e-05
2019-12-10,5.1388888888888896e-05
2019-12-11,4.972222222222222e-05
2019-12-12,5.277777777777778e-05
2019-12-13,5.055555555555556e-05
2019-12-16,5.25e-05
2019-12-17,5.25e-05
2019-12-18,5.3333333333333326e-05
2019-12-19,5.3333333333333326e-05
2019-12-20,5.3333333333333326e-05
2019-12-23,5.361111111111111e-05
2019-12-24,5.277777777777778e-05
2019-12-26,5.277777777777778e-05
2019-12-27,5.2222222222222214e-05
2019-12-30,5.277777777777778e-05
2019-12-31,5.3333333333333326e-05
2020-01-02,5.2222222222222214e-05
2020-01-03,5.000000000000001e-05
2020-01-06,5.0277777777777784e-05
2020-01-07,5.0833333333333333e-05
2020-01-08,5.1944444444444446e-05
2020-01-09,5.1388888888888896e-05
2020-01-10,5.0833333333333333e-05
2020-01-13,5.1388888888888896e-05
2020-01-14,5.055555555555556e-05
2020-01-15,4.972222222222222e-05
2020-01-16,5.0277777777777784e-05
2020-01-17,5.111111111111111e-05
2020-01-21,4.9444444444444446e-05
2020-01-22,4.9166666666666665e-05
2020-01-23,4.833333333333333e-05
2020-01-24,4.722222222222223e-05
2020-01-27,4.472222222222222e-05
2020-01-28,4.5833333333333334e-05
2020-01-29,4.4444444444444447e-05
2020-01-30,4.3611111111111116e-05
2020-01-31,4.194444444444445e-05
2020-02-03,4.277777777777778e-05
2020-02-04,4.472222222222222e-05
2020-02-05,4.611111111111111e-05
2020-02-06,4.5833333333333334e-05
2020-02-07,4.416666666666667e-05
2020-02-10,4.3333333333333334e-05
2020-02-11,4.416666666666667e-05
2020-02-12,4.500000000000001e-05
2020-02-13,4.472222222222222e-05
2020-02-14,4.416666666666667e-05
2020-02-18,4.305555555555555e-05
2020-02-19,4.3333333333333334e-05
2020-02-20,4.222222222222222e-05
2020-02-21,4.055555555555555e-05
2020-02-24,3.8333333333333334e-05
2020-02-25,3.694444444444445e-05
2020-02-26,3.694444444444445e-05
2020-02-27,3.6111111111111116e-05
2020-02-28,3.1388888888888885e-05
2020-03-02,3.055555555555556e-05
2020-03-03,2.8333333333333335e-05
2020-03-04,2.8333333333333335e-05
2020-03-05,2.5555555555555554e-05
2020-03-06,2.0555555555555558e-05
2020-03-09,1.5e-05
2020-03-10,2.111111111111111e-05
2020-03-11,2.2777777777777776e-05
2020-03-12,2.4444444444444445e-05
2020-03-13,2.6111111111111107e-05
2020-03-16,2.0277777777777776e-05
2020-03-17,2.8333333333333335e-05
2020-03-18,3.277777777777778e-05
2020-03-19,3.111111111111112e-05
2020-03-20,2.5555555555555554e-05
2020-03-23,2.111111111111111e-05
2020-03-24,2.3333333333333332e-05
2020-03-25,2.4444444444444445e-05
2020-03-26,2.3055555555555554e-05
2020-03-27,1.9999999999999998e-05
2020-03-30,1.9444444444444442e-05
2020-03-31,1.9444444444444442e-05
2020-04-01,1.722222222222222e-05
2020-04-02,1.75e-05
2020-04-03,1.722222222222222e-05
2020-04-06,1.861111111111111e-05
2020-04-07,2.0833333333333333e-05
2020-04-08,2.138888888888889e-05
2020-04-09,2.0277777777777776e-05
2020-04-13,2.111111111111111e-05
2020-04-14,2.111111111111111e-05
2020-04-15,1.75e-05
2020-04-16,1.6944444444444442e-05
2020-04-17,1.8055555555555558e-05
2020-04-20,1.75e-05
2020-04-21,1.611111111111111e-05
2020-04-22,1.75e-05
2020-04-23,1.6944444444444442e-05
2020-04-24,1.6666666666666667e-05
2020-04-27,1.861111111111111e-05
2020-04-28,1.722222222222222e-05
2020-04-29,1.75e-05
2020-04-30,1.777777777777778e-05
2020-05-01,1.777777777777778e-05
2020-05-04,1.777777777777778e-05
2020-05-05,1.8333333333333333e-05
2020-05-06,1.9999999999999998e-05
2020-05-07,1.75e-05
2020-05-08,1.9166666666666667e-05
2020-05-11,2.0277777777777776e-05
2020-05-12,1.9166666666666667e-05
2020-05-13,1.777777777777778e-05
2020-05-14,1.75e-05
2020-05-15,1.777777777777778e-05
2020-05-18,2.0277777777777776e-05
2020-05-19,1.9444444444444442e-05
2020-05-20,1.888888888888889e-05
2020-05-21,1.888888888888889e-05
2020-05-22,1.8333333333333333e-05
2020-05-26,1.9166666666666667e-05
2020-05-27,1.888888888888889e-05
2020-05-28,1.9444444444444442e-05
2020-05-29,1.8055555555555558e-05
2020-06-01,1.8333333333333333e-05
2020-06-02,1.888888888888889e-05
2020-06-03,2.138888888888889e-05
2020-06-04,2.2777777777777776e-05
2020-06-05,2.527777777777778e-05
2020-06-08,2.4444444444444445e-05
2020-06-09,2.3333333333333332e-05
2020-06-10,2.0833333333333333e-05
2020-06-11,1.8333333333333333e-05
2020-06-12,1.972222222222222e-05
2020-06-15,1.972222222222222e-05
2020-06-16,2.0833333333333333e-05
2020-06-17,2.0555555555555558e-05
2020-06-18,1.972222222222222e-05
2020-06-19,1.9444444444444442e-05
2020-06-22,1.972222222222222e-05
2020-06-23,1.9999999999999998e-05
2020-06-24,1.9166666666666667e-05
2020-06-25,1.888888888888889e-05
2020-06-26,1.777777777777778e-05
2020-06-29,1.777777777777778e-05
2020-06-30,1.8333333333333333e-05
2020-07-01,1.9166666666666667e-05
2020-07-02,1.888888888888889e-05
2020-07-06,1.9166666666666667e-05
2020-07-07,1.8055555555555558e-05
2020-07-08,1.861111111111111e-05
2020-07-09,1.722222222222222e-05
2020-07-10,1.8055555555555558e-05
2020-07-13,1.777777777777778e-05
2020-07-14,1.75e-05
2020-07-15,1.777777777777778e-05
2020-07-16,1.722222222222222e-05
2020-07-17,1.777777777777778e-05
2020-07-20,1.722222222222222e-05
2020-07-21,1.6944444444444442e-05
2020-07-22,1.6666666666666667e-05
2020-07-23,1.638888888888889e-05
2020-07-24,1.638888888888889e-05
2020-07-27,1.722222222222222e-05
2020-07-28,1.638888888888889e-05
2020-07-29,1.611111111111111e-05
2020-07-30,1.527777777777778e-05
2020-07-31,1.527777777777778e-05
2020-08-03,1.555555555555556e-05
2020-08-04,1.4444444444444444e-05
2020-08-05,1.527777777777778e-05
2020-08-06,1.527777777777778e-05
2020-08-07,1.5833333333333333e-05
2020-08-10,1.638888888888889e-05
2020-08-11,1.777777777777778e-05
2020-08-12,1.9166666666666667e-05
2020-08-13,1.972222222222222e-05
2020-08-14,1.972222222222222e-05
2020-08-17,1.9166666666666667e-05
2020-08-18,1.861111111111111e-05
2020-08-19,1.888888888888889e-05
2020-08-20,1.8055555555555558e-05
2020-08-21,1.777777777777778e-05
2020-08-24,1.8055555555555558e-05
2020-08-25,1.9166666666666667e-05
2020-08-26,1.9166666666666667e-05
2020-08-27,2.0555555555555558e-05
2020-08-28,2.0555555555555558e-05
2020-08-31,1.9999999999999998e-05
2020-09-01,1.888888888888889e-05
2020-09-02,1.8333333333333333e-05
2020-09-03,1.75e-05
2020-09-04,1.9999999999999998e-05
2020-09-08,1.9166666666666667e-05
2020-09-09,1.972222222222222e-05
2020-09-10,1.888888888888889e-05
2020-09-11,1.861111111111111e-05
2020-09-14,1.888888888888889e-05
2020-09-15,1.888888888888889e-05
2020-09-16,1.9166666666666667e-05
2020-09-17,1.9166666666666667e-05
2020-09-18,1.9444444444444442e-05
2020-09-21,1.888888888888889e-05
2020-09-22,1.888888888888889e-05
2020-09-23,1.888888888888889e-05
2020-09-24,1.861111111111111e-05
2020-09-25,1.8333333333333333e-05
2020-09-28,1.861111111111111e-05
2020-09-29,1.8333333333333333e-05
2020-09-30,1.9166666666666667e-05
2020-10-01,1.888888888888889e-05
2020-10-02,1.9444444444444442e-05
2020-10-05,2.1666666666666667e-05
2020-10-06,2.111111111111111e-05
2020-10-07,2.2500000000000005e-05
2020-10-08,2.1666666666666667e-05
2020-10-09,2.1944444444444445e-05
2020-10-13,2.0555555555555558e-05
2020-10-14,2.0277777777777776e-05
2020-10-15,2.0555555555555558e-05
2020-10-16,2.111111111111111e-05
2020-10-19,2.1666666666666667e-05
2020-10-20,2.2500000000000005e-05
2020-10-21,2.3055555555555554e-05
2020-10-22,2.4166666666666663e-05
2020-10-23,2.3611111111111114e-05
2020-10-26,2.2500000000000005e-05
2020-10-27,2.1944444444444445e-05
2020-10-28,2.1944444444444445e-05
2020-10-29,2.3611111111111114e-05
2020-10-30,2.4444444444444445e-05
2020-11-02,2.4166666666666663e-05
2020-11-03,2.5000000000000005e-05
2020-11-04,2.1666666666666667e-05
2020-11-05,2.1944444444444445e-05
2020-11-06,2.3055555555555554e-05
2020-11-09,2.6666666666666663e-05
2020-11-10,2.7222222222222223e-05
2020-11-12,2.4444444444444445e-05
2020-11-13,2.4722222222222223e-05
2020-11-16,2.527777777777778e-05
2020-11-17,2.4166666666666663e-05
2020-11-18,2.4444444444444445e-05
2020-11-19,2.388888888888889e-05
2020-11-20,2.3055555555555554e-05
2020-11-23,2.388888888888889e-05
2020-11-24,2.4444444444444445e-05
2020-11-25,2.4444444444444445e-05
2020-11-27,2.3333333333333332e-05
2020-11-30,2.3333333333333332e-05
2020-12-01,2.5555555555555554e-05
2020-12-02,2.638888888888889e-05
2020-12-03,2.5555555555555554e-05
2020-12-04,2.6944444444444445e-05
2020-12-07,2.6111111111111107e-05
2020-12-08,2.5555555555555554e-05
2020-12-09,2.638888888888889e-05
2020-12-10,2.5555555555555554e-05
2020-12-11,2.5000000000000005e-05
2020-12-14,2.5000000000000005e-05
2020-12-15,2.5555555555555554e-05
2020-12-16,2.5555555555555554e-05
2020-12-17,2.6111111111111107e-05
2020-12-18,2.638888888888889e-05
2020-12-21,2.638888888888889e-05
2020-12-22,2.5833333333333336e-05
2020-12-23,2.6666666666666663e-05
2020-12-24,2.6111111111111107e-05
2020-12-28,2.6111111111111107e-05
2020-12-29,2.6111111111111107e-05
2020-12-30,2.5833333333333336e-05
2020-12-31,2.5833333333333336e-05
2021-01-04,2.5833333333333336e-05
2021-01-05,2.6666666666666663e-05
2021-01-06,2.8888888888888888e-05
2021-01-07,3e-05
2021-01-08,3.1388888888888885e-05
2021-01-11,3.194444444444444e-05
2021-01-12,3.194444444444444e-05
2021-01-13,3.055555555555556e-05
2021-01-14,3.194444444444444e-05
2021-01-15,3.0833333333333335e-05
2021-01-19,3.055555555555556e-05
2021-01-20,3.055555555555556e-05
2021-01-21,3.111111111111112e-05
2021-01-22,3.055555555555556e-05
2021-01-25,2.916666666666667e-05
2021-01-26,2.916666666666667e-05
2021-01-27,2.8888888888888888e-05
2021-01-28,2.9722222222222226e-05
2021-01-29,3.0833333333333335e-05
2021-02-01,3.027777777777778e-05
2021-02-02,3.111111111111112e-05
2021-02-03,3.194444444444444e-05
2021-02-04,3.194444444444444e-05
2021-02-05,3.3055555555555553e-05
2021-02-08,3.3055555555555553e-05
2021-02-09,3.277777777777778e-05
2021-02-10,3.194444444444444e-05
2021-02-11,3.222222222222222e-05
2021-02-12,3.3333333333333335e-05
2021-02-16,3.6111111111111116e-05
2021-02-17,3.5833333333333335e-05
2021-02-18,3.5833333333333335e-05
2021-02-19,3.722222222222222e-05
2021-02-22,3.805555555555556e-05
2021-02-23,3.805555555555556e-05
2021-02-24,3.8333333333333334e-05
2021-02-25,4.277777777777778e-05
2021-02-26,3.9999999999999996e-05
2021-03-01,4.027777777777778e-05
2021-03-02,3.944444444444444e-05
2021-03-03,4.0833333333333334e-05
2021-03-04,4.277777777777778e-05
2021-03-05,4.3333333333333334e-05
2021-03-08,4.416666666666667e-05
2021-03-09,4.305555555555555e-05
2021-03-10,4.25e-05
2021-03-11,4.277777777777778e-05
2021-03-12,4.555555555555555e-05
2021-03-15,4.500000000000001e-05
2021-03-16,4.500000000000001e-05
2021-03-17,4.527777777777777e-05
2021-03-18,4.75e-05
2021-03-19,4.833333333333333e-05
2021-03-22,4.694444444444444e-05
2021-03-23,4.527777777777777e-05
2021-03-24,4.500000000000001e-05
2021-03-25,4.527777777777777e-05
2021-03-26,4.638888888888889e-05
2021-03-29,4.805555555555555e-05
2021-03-30,4.805555555555555e-05
2021-03-31,4.833333333333333e-05
2021-04-01,4.694444444444444e-05
2021-04-02,4.777777777777778e-05
2021-04-05,4.805555555555555e-05
2021-04-06,4.638888888888889e-05
2021-04-07,4.6666666666666665e-05
2021-04-08,4.555555555555555e-05
2021-04-09,4.638888888888889e-05
2021-04-12,4.694444444444444e-05
2021-04-13,4.555555555555555e-05
2021-04-14,4.555555555555555e-05
2021-04-15,4.3333333333333334e-05
2021-04-16,4.416666666666667e-05
2021-04-19,4.472222222222222e-05
2021-04-20,4.388888888888889e-05
2021-04-21,4.3611111111111116e-05
2021-04-22,4.3611111111111116e-05
2021-04-23,4.388888888888889e-05
2021-04-26,4.388888888888889e-05
2021-04-27,4.527777777777777e-05
2021-04-28,4.527777777777777e-05
2021-04-29,4.5833333333333334e-05
2021-04-30,4.5833333333333334e-05
2021-05-03,4.527777777777777e-05
2021-05-04,4.472222222222222e-05
2021-05-05,4.416666666666667e-05
2021-05-06,4.388888888888889e-05
2021-05-07,4.4444444444444447e-05
2021-05-10,4.527777777777777e-05
2021-05-11,4.555555555555555e-05
2021-05-12,4.694444444444444e-05
2021-05-13,4.611111111111111e-05
2021-05-14,4.527777777777777e-05
2021-05-17,4.555555555555555e-05
2021-05-18,4.555555555555555e-05
2021-05-19,4.6666666666666665e-05
2021-05-20,4.527777777777777e-05
2021-05-21,4.527777777777777e-05
2021-05-24,4.472222222222222e-05
2021-05-25,4.3333333333333334e-05
2021-05-26,4.388888888888889e-05
2021-05-27,4.472222222222222e-05
2021-05-28,4.388888888888889e-05
2021-06-01,4.500000000000001e-05
2021-06-02,4.416666666666667e-05
2021-06-03,4.527777777777777e-05
2021-06-04,4.3333333333333334e-05
2021-06-07,4.3611111111111116e-05
2021-06-08,4.25e-05
2021-06-09,4.1666666666666665e-05
2021-06-10,4.027777777777778e-05
2021-06-11,4.0833333333333334e-05
2021-06-14,4.194444444444445e-05
2021-06-15,4.194444444444445e-05
2021-06-16,4.3611111111111116e-05
2021-06-17,4.222222222222222e-05
2021-06-18,4.027777777777778e-05
2021-06-21,4.1666666666666665e-05
2021-06-22,4.1111111111111116e-05
2021-06-23,4.1666666666666665e-05
2021-06-24,4.138888888888889e-05
2021-06-25,4.277777777777778e-05
2021-06-28,4.138888888888889e-05
2021-06-29,4.138888888888889e-05
2021-06-30,4.027777777777778e-05
2021-07-01,4.1111111111111116e-05
2021-07-02,3.9999999999999996e-05
2021-07-06,3.805555555555556e-05
2021-07-07,3.694444444444445e-05
2021-07-08,3.6111111111111116e-05
2021-07-09,3.805555555555556e-05
2021-07-12,3.8333333333333334e-05
2021-07-13,3.944444444444444e-05
2021-07-14,3.805555555555556e-05
2021-07-15,3.638888888888889e-05
2021-07-16,3.638888888888889e-05
2021-07-19,3.3055555555555553e-05
2021-07-20,3.4166666666666666e-05
2021-07-21,3.6111111111111116e-05
2021-07-22,3.527777777777778e-05
2021-07-23,3.6111111111111116e-05
2021-07-26,3.5833333333333335e-05
2021-07-27,3.472222222222222e-05
2021-07-28,3.5e-05
2021-07-29,3.555555555555556e-05
2021-07-30,3.444444444444444e-05
2021-08-02,3.3333333333333335e-05
2021-08-03,3.3055555555555553e-05
2021-08-04,3.3055555555555553e-05
2021-08-05,3.4166666666666666e-05
2021-08-06,3.638888888888889e-05
2021-08-09,3.694444444444445e-05
2021-08-10,3.777777777777778e-05
2021-08-11,3.7500000000000003e-05
2021-08-12,3.777777777777778e-05
2021-08-13,3.5833333333333335e-05
2021-08-16,3.5e-05
2021-08-17,3.5e-05
2021-08-18,3.527777777777778e-05
2021-08-19,3.444444444444444e-05
2021-08-20,3.5e-05
2021-08-23,3.472222222222222e-05
2021-08-24,3.5833333333333335e-05
2021-08-25,3.7500000000000003e-05
2021-08-26,3.722222222222222e-05
2021-08-27,3.638888888888889e-05
2021-08-30,3.5833333333333335e-05
2021-08-31,3.6111111111111116e-05
2021-09-01,3.638888888888889e-05
2021-09-02,3.5833333333333335e-05
2021-09-03,3.694444444444445e-05
2021-09-07,3.8333333333333334e-05
2021-09-08,3.7500000000000003e-05
2021-09-09,3.6111111111111116e-05
2021-09-10,3.7500000000000003e-05
2021-09-13,3.694444444444445e-05
2021-09-14,3.555555555555556e-05
2021-09-15,3.638888888888889e-05
2021-09-16,3.722222222222222e-05
2021-09-17,3.805555555555556e-05
2021-09-20,3.638888888888889e-05
2021-09-21,3.694444444444445e-05
2021-09-22,3.6666666666666666e-05
2021-09-23,3.9166666666666665e-05
2021-09-24,4.0833333333333334e-05
2021-09-27,4.1111111111111116e-05
2021-09-28,4.277777777777778e-05
2021-09-29,4.305555555555555e-05
2021-09-30,4.222222222222222e-05
2021-10-01,4.1111111111111116e-05
2021-10-04,4.138888888888889e-05
2021-10-05,4.277777777777778e-05
2021-10-06,4.25e-05
2021-10-07,4.388888888888889e-05
2021-10-08,4.472222222222222e-05
2021-10-12,4.416666666666667e-05
2021-10-13,4.3333333333333334e-05
2021-10-14,4.222222222222222e-05
2021-10-15,4.416666666666667e-05
2021-10-18,4.416666666666667e-05
2021-10-19,4.5833333333333334e-05
2021-10-20,4.5833333333333334e-05
2021-10-21,4.6666666666666665e-05
2021-10-22,4.611111111111111e-05
2021-10-25,4.555555555555555e-05
2021-10-26,4.527777777777777e-05
2021-10-27,4.277777777777778e-05
2021-10-28,4.3611111111111116e-05
2021-10-29,4.305555555555555e-05
2021-11-01,4.388888888888889e-05
2021-11-02,4.3333333333333334e-05
2021-11-03,4.4444444444444447e-05
2021-11-04,4.25e-05
2021-11-05,4.027777777777778e-05
2021-11-08,4.194444444444445e-05
2021-11-09,4.055555555555555e-05
2021-11-10,4.3333333333333334e-05
2021-11-12,4.388888888888889e-05
2021-11-15,4.527777777777777e-05
2021-11-16,4.527777777777777e-05
2021-11-17,4.4444444444444447e-05
2021-11-18,4.416666666666667e-05
2021-11-19,4.277777777777778e-05
2021-11-22,4.527777777777777e-05
2021-11-23,4.638888888888889e-05
2021-11-24,4.555555555555555e-05
2021-11-26,4.1111111111111116e-05
2021-11-29,4.222222222222222e-05
2021-11-30,3.972222222222222e-05
2021-12-01,3.972222222222222e-05
2021-12-02,3.9999999999999996e-05
2021-12-03,3.7500000000000003e-05
2021-12-06,3.972222222222222e-05
2021-12-07,4.1111111111111116e-05
2021-12-08,4.222222222222222e-05
2021-12-09,4.138888888888889e-05
2021-12-10,4.1111111111111116e-05
2021-12-13,3.944444444444444e-05
2021-12-14,3.9999999999999996e-05
2021-12-15,4.0833333333333334e-05
2021-12-16,3.9999999999999996e-05
2021-12-17,3.9166666666666665e-05
2021-12-20,3.972222222222222e-05
2021-12-21,4.1111111111111116e-05
2021-12-22,4.055555555555555e-05
2021-12-23,4.1666666666666665e-05
2021-12-27,4.1111111111111116e-05
2021-12-28,4.138888888888889e-05
2021-12-29,4.305555555555555e-05
2021-12-30,4.222222222222222e-05
2021-12-31,4.222222222222222e-05
2022-01-03,4.527777777777777e-05
2022-01-04,4.611111111111111e-05
2022-01-05,4.75e-05
2022-01-06,4.805555555555555e-05
2022-01-07,4.888888888888889e-05
2022-01-10,4.9444444444444446e-05
2022-01-11,4.8611111111111115e-05
2022-01-12,4.833333333333333e-05
2022-01-13,4.722222222222223e-05
2022-01-14,4.9444444444444446e-05
2022-01-18,5.1944444444444446e-05
2022-01-19,5.0833333333333333e-05
2022-01-20,5.0833333333333333e-05
2022-01-21,4.8611111111111115e-05
2022-01-24,4.8611111111111115e-05
2022-01-25,4.9444444444444446e-05
2022-01-26,5.1388888888888896e-05
2022-01-27,5.0277777777777784e-05
2022-01-28,4.9444444444444446e-05
2022-01-31,4.972222222222222e-05
2022-02-01,5.0277777777777784e-05
2022-02-02,4.9444444444444446e-05
2022-02-03,5.055555555555556e-05
2022-02-04,5.361111111111111e-05
2022-02-07,5.3333333333333326e-05
2022-02-08,5.4444444444444446e-05
2022-02-09,5.388888888888889e-05
2022-02-10,5.638888888888888e-05
2022-02-11,5.3333333333333326e-05
2022-02-14,5.4999999999999995e-05
2022-02-15,5.694444444444444e-05
2022-02-16,5.638888888888888e-05
2022-02-17,5.472222222222222e-05
2022-02-18,5.3333333333333326e-05
2022-02-22,5.388888888888889e-05
2022-02-23,5.5277777777777783e-05
2022-02-24,5.4444444444444446e-05
2022-02-25,5.472222222222222e-05
2022-02-28,5.0833333333333333e-05
2022-03-01,4.777777777777778e-05
2022-03-02,5.166666666666667e-05
2022-03-03,5.166666666666667e-05
2022-03-04,4.833333333333333e-05
2022-03-07,4.9444444444444446e-05
2022-03-08,5.166666666666667e-05
2022-03-09,5.388888888888889e-05
2022-03-10,5.4999999999999995e-05
2022-03-11,5.555555555555556e-05
2022-03-14,5.944444444444445e-05
2022-03-15,5.972222222222222e-05
2022-03-16,6.083333333333333e-05
2022-03-17,6.111111111111112e-05
2022-03-18,5.944444444444445e-05
2022-03-21,6.444444444444444e-05
2022-03-22,6.611111111111111e-05
2022-03-23,6.444444444444444e-05
2022-03-24,6.5e-05
2022-03-25,6.888888888888888e-05
2022-03-28,6.833333333333333e-05
2022-03-29,6.694444444444444e-05
2022-03-30,6.527777777777778e-05
2022-03-31,6.444444444444444e-05
2022-04-01,6.638888888888889e-05
2022-04-04,6.722222222222222e-05
2022-04-05,7.055555555555556e-05
2022-04-06,7.25e-05
2022-04-07,7.38888888888889e-05
2022-04-08,7.555555555555556e-05
2022-04-11,7.75e-05
2022-04-12,7.555555555555556e-05
2022-04-13,7.500000000000001e-05
2022-04-14,7.861111111111111e-05
2022-04-18,7.916666666666668e-05
2022-04-19,8.13888888888889e-05
2022-04-20,7.916666666666668e-05
2022-04-21,8.055555555555556e-05
2022-04-22,8.055555555555556e-05
2022-04-25,7.805555555555555e-05
2022-04-26,7.694444444444444e-05
2022-04-27,7.833333333333333e-05
2022-04-28,7.916666666666668e-05
2022-04-29,8.027777777777779e-05
2022-05-02,8.305555555555556e-05
2022-05-03,8.25e-05
2022-05-04,8.13888888888889e-05
2022-05-05,8.472222222222222e-05
2022-05-06,8.666666666666667e-05
2022-05-09,8.472222222222222e-05
2022-05-10,8.305555555555556e-05
2022-05-11,8.083333333333334e-05
2022-05-12,7.888888888888888e-05
2022-05-13,8.13888888888889e-05
2022-05-16,7.999999999999999e-05
2022-05-17,8.277777777777778e-05
2022-05-18,8.027777777777779e-05
2022-05-19,7.888888888888888e-05
2022-05-20,7.722222222222222e-05
2022-05-23,7.944444444444444e-05
2022-05-24,7.666666666666667e-05
2022-05-25,7.638888888888889e-05
2022-05-26,7.638888888888889e-05
2022-05-27,7.611111111111112e-05
2022-05-31,7.916666666666668e-05
2022-06-01,8.166666666666667e-05
2022-06-02,8.11111111111111e-05
2022-06-03,8.222222222222223e-05
2022-06-06,8.444444444444444e-05
2022-06-07,8.277777777777778e-05
2022-06-08,8.416666666666666e-05
2022-06-09,8.444444444444444e-05
2022-06-10,8.75e-05
2022-06-13,9.527777777777779e-05
2022-06-14,9.694444444444445e-05
2022-06-15,9.250000000000001e-05
2022-06-16,9.11111111111111e-05
2022-06-17,9.027777777777779e-05
2022-06-21,9.194444444444444e-05
2022-06-22,8.777777777777778e-05
2022-06-23,8.583333333333332e-05
2022-06-24,8.694444444444445e-05
2022-06-27,8.888888888888889e-05
2022-06-28,8.888888888888889e-05
2022-06-29,8.61111111111111e-05
2022-06-30,8.277777777777778e-05
2022-07-01,7.999999999999999e-05
2022-07-05,7.833333333333333e-05
2022-07-06,8.13888888888889e-05
2022-07-07,8.361111111111111e-05
2022-07-08,8.583333333333332e-05
2022-07-11,8.305555555555556e-05
2022-07-12,8.222222222222223e-05
2022-07-13,8.083333333333334e-05
2022-07-14,8.222222222222223e-05
2022-07-15,8.13888888888889e-05
2022-07-18,8.222222222222223e-05
2022-07-19,8.361111111111111e-05
2022-07-20,8.444444444444444e-05
2022-07-21,8.083333333333334e-05
2022-07-22,7.694444444444444e-05
2022-07-25,7.805555555555555e-05
2022-07-26,7.805555555555555e-05
2022-07-27,7.722222222222222e-05
2022-07-28,7.444444444444444e-05
2022-07-29,7.416666666666666e-05
2022-08-01,7.222222222222223e-05
2022-08-02,7.638888888888889e-05
2022-08-03,7.583333333333334e-05
2022-08-04,7.444444444444444e-05
2022-08-05,7.861111111111111e-05
2022-08-08,7.694444444444444e-05
2022-08-09,7.777777777777777e-05
2022-08-10,7.722222222222222e-05
2022-08-11,7.972222222222223e-05
2022-08-12,7.888888888888888e-05
2022-08-15,7.75e-05
2022-08-16,7.833333333333333e-05
2022-08-17,8.027777777777779e-05
2022-08-18,7.999999999999999e-05
2022-08-19,8.277777777777778e-05
2022-08-22,8.416666666666666e-05
2022-08-23,8.472222222222222e-05
2022-08-24,8.638888888888889e-05
2022-08-25,8.416666666666666e-05
2022-08-26,8.444444444444444e-05
2022-08-29,8.666666666666667e-05
2022-08-30,8.638888888888889e-05
2022-08-31,8.75e-05
2022-09-01,9.055555555555554e-05
2022-09-02,8.888888888888889e-05
2022-09-06,9.250000000000001e-05
2022-09-07,9.083333333333334e-05
2022-09-08,9.138888888888889e-05
2022-09-09,9.250000000000001e-05
2022-09-12,9.361111111111111e-05
2022-09-13,9.5e-05
2022-09-14,9.472222222222222e-05
2022-09-15,9.583333333333334e-05
2022-09-16,9.583333333333334e-05
2022-09-19,9.694444444444445e-05
2022-09-20,9.916666666666666e-05
2022-09-21,9.75e-05
2022-09-22,0.00010277777777777779
2022-09-23,0.00010250000000000001
2022-09-26,0.00010777777777777778
2022-09-27,0.00011027777777777777
2022-09-28,0.00010333333333333334
2022-09-29,0.00010444444444444443
2022-09-30,0.00010638888888888888
2022-10-03,0.00010194444444444443
2022-10-04,0.00010055555555555557
2022-10-05,0.00010444444444444443
2022-10-06,0.00010638888888888888
2022-10-07,0.00010805555555555556
2022-10-11,0.00010916666666666667
2022-10-12,0.00010861111111111112
2022-10-13,0.00011027777777777777
2022-10-14,0.00011111111111111112
2022-10-17,0.00011166666666666665
2022-10-18,0.00011138888888888888
2022-10-19,0.000115
2022-10-20,0.00011777777777777778
2022-10-21,0.00011694444444444445
2022-10-24,0.00011805555555555556
2022-10-25,0.00011388888888888888
2022-10-26,0.00011222222222222222
2022-10-27,0.00010999999999999999
2022-10-28,0.00011166666666666665
2022-10-31,0.00011388888888888888
2022-11-01,0.00011305555555555556
2022-11-02,0.00011388888888888888
2022-11-03,0.000115
2022-11-04,0.00011583333333333333
2022-11-07,0.0001172222222222222
2022-11-08,0.000115
2022-11-09,0.00011444444444444444
2022-11-10,0.0001061111111111111
2022-11-14,0.00010777777777777778
2022-11-15,0.00010555555555555555
2022-11-16,0.00010194444444444443
2022-11-17,0.00010472222222222221
2022-11-18,0.0001061111111111111
2022-11-21,0.00010638888888888888
2022-11-22,0.00010444444444444443
2022-11-23,0.00010305555555555556
2022-11-25,0.00010222222222222222
2022-11-28,0.00010250000000000001
2022-11-29,0.00010416666666666666
2022-11-30,0.00010222222222222222
2022-12-01,9.805555555555555e-05
2022-12-02,9.75e-05
2022-12-05,0.00010000000000000002
2022-12-06,9.75e-05
2022-12-07,9.5e-05
2022-12-08,9.666666666666665e-05
2022-12-09,9.916666666666666e-05
2022-12-12,0.00010027777777777777
2022-12-13,9.75e-05
2022-12-14,9.694444444444445e-05
2022-12-15,9.555555555555555e-05
2022-12-16,9.666666666666665e-05
2022-12-19,9.916666666666666e-05
2022-12-20,0.00010250000000000001
2022-12-21,0.00010222222222222222
2022-12-22,0.00010194444444444443
2022-12-23,0.00010416666666666666
2022-12-27,0.00010666666666666665
2022-12-28,0.00010777777777777778
2022-12-29,0.00010638888888888888
2022-12-30,0.00010777777777777778
2023-01-03,0.00010527777777777779
2023-01-04,0.00010250000000000001
2023-01-05,0.00010305555555555556
2023-01-06,9.86111111111111e-05
2023-01-09,9.805555555555555e-05
2023-01-10,0.00010027777777777777
2023-01-11,9.833333333333333e-05
2023-01-12,9.527777777777779e-05
2023-01-13,9.694444444444445e-05
2023-01-17,9.805555555555555e-05
2023-01-18,9.361111111111111e-05
2023-01-19,9.416666666666666e-05
2023-01-20,9.666666666666665e-05
2023-01-23,9.777777777777778e-05
2023-01-24,9.61111111111111e-05
2023-01-25,9.61111111111111e-05
2023-01-26,9.694444444444445e-05
2023-01-27,9.777777777777778e-05
2023-01-30,9.86111111111111e-05
2023-01-31,9.777777777777778e-05
2023-02-01,9.416666666666666e-05
2023-02-02,9.444444444444446e-05
2023-02-03,9.805555555555555e-05
2023-02-06,0.00010083333333333334
2023-02-07,0.00010194444444444443
2023-02-08,0.00010083333333333334
2023-02-09,0.00010194444444444443
2023-02-10,0.00010388888888888889
2023-02-13,0.00010333333333333334
2023-02-14,0.00010472222222222221
2023-02-15,0.00010583333333333334
2023-02-16,0.00010722222222222222
2023-02-17,0.0001061111111111111
2023-02-21,0.00010972222222222222
2023-02-22,0.00010916666666666667
2023-02-23,0.00010777777777777778
2023-02-24,0.00010972222222222222
2023-02-27,0.00010888888888888889
2023-02-28,0.00010888888888888889
2023-03-01,0.00011138888888888888
2023-03-02,0.00011333333333333334
2023-03-03,0.00011027777777777777
2023-03-06,0.00011055555555555557
2023-03-07,0.00011027777777777777
2023-03-08,0.00011055555555555557
2023-03-09,0.00010916666666666667
2023-03-10,0.00010277777777777779
2023-03-13,9.86111111111111e-05
2023-03-14,0.00010111111111111112
2023-03-15,9.75e-05
2023-03-16,9.888888888888889e-05
2023-03-17,9.416666666666666e-05
2023-03-20,9.63888888888889e-05
2023-03-21,9.972222222222222e-05
2023-03-22,9.666666666666665e-05
2023-03-23,9.388888888888888e-05
2023-03-24,9.388888888888888e-05
2023-03-27,9.805555555555555e-05
2023-03-28,9.86111111111111e-05
2023-03-29,9.916666666666666e-05
2023-03-30,9.86111111111111e-05
2023-03-31,9.666666666666665e-05
2023-04-03,9.527777777777779e-05
2023-04-04,9.305555555555556e-05
2023-04-05,9.166666666666667e-05
2023-04-06,9.166666666666667e-05
2023-04-07,9.416666666666666e-05
2023-04-10,9.472222222222222e-05
2023-04-11,9.527777777777779e-05
2023-04-12,9.472222222222222e-05
2023-04-13,9.583333333333334e-05
2023-04-14,9.777777777777778e-05
2023-04-17,0.00010000000000000002
2023-04-18,9.944444444444444e-05
2023-04-19,0.00010000000000000002
2023-04-20,9.833333333333333e-05
2023-04-21,9.916666666666666e-05
2023-04-24,9.777777777777778e-05
2023-04-25,9.444444444444446e-05
2023-04-26,9.527777777777779e-05
2023-04-27,9.805555555555555e-05
2023-04-28,9.555555555555555e-05
2023-05-01,9.972222222222222e-05
2023-05-02,9.555555555555555e-05
2023-05-03,9.388888888888888e-05
2023-05-04,9.361111111111111e-05
2023-05-05,9.555555555555555e-05
2023-05-08,9.777777777777778e-05
2023-05-09,9.805555555555555e-05
2023-05-10,9.527777777777779e-05
2023-05-11,9.416666666666666e-05
2023-05-12,9.61111111111111e-05
2023-05-15,9.722222222222223e-05
2023-05-16,9.833333333333333e-05
2023-05-17,9.916666666666666e-05
2023-05-18,0.00010138888888888889
2023-05-19,0.00010277777777777779
2023-05-22,0.00010333333333333334
2023-05-23,0.00010277777777777779
2023-05-24,0.00010361111111111111
2023-05-25,0.00010638888888888888
2023-05-26,0.00010555555555555555
2023-05-30,0.00010250000000000001
2023-05-31,0.00010111111111111112
2023-06-01,0.00010027777777777777
2023-06-02,0.00010250000000000001
2023-06-05,0.00010250000000000001
2023-06-06,0.00010277777777777779
2023-06-07,0.00010527777777777779
2023-06-08,0.00010361111111111111
2023-06-09,0.00010416666666666666
2023-06-12,0.00010361111111111111
2023-06-13,0.00010666666666666665
2023-06-14,0.00010638888888888888
2023-06-15,0.00010333333333333334
2023-06-16,0.00010472222222222221
2023-06-20,0.00010388888888888889
2023-06-21,0.00010333333333333334
2023-06-22,0.00010555555555555555
2023-06-23,0.00010388888888888889
2023-06-26,0.00010333333333333334
2023-06-27,0.00010472222222222221
2023-06-28,0.00010305555555555556
2023-06-29,0.00010694444444444445
2023-06-30,0.00010583333333333334
2023-07-03,0.00010722222222222222
2023-07-05,0.00010972222222222222
2023-07-06,0.0001125
2023-07-07,0.00011277777777777776
2023-07-10,0.00011138888888888888
2023-07-11,0.00011083333333333335
2023-07-12,0.00010722222222222222
2023-07-13,0.00010444444444444443
2023-07-14,0.00010638888888888888
2023-07-17,0.00010583333333333334
2023-07-18,0.00010555555555555555
2023-07-19,0.00010416666666666666
2023-07-20,0.00010694444444444445
2023-07-21,0.00010666666666666665
2023-07-24,0.00010722222222222222
2023-07-25,0.00010861111111111112
2023-07-26,0.00010722222222222222
2023-07-27,0.00011138888888888888
2023-07-28,0.00010999999999999999
2023-07-31,0.00011027777777777777
2023-08-01,0.0001125
2023-08-02,0.00011333333333333334
2023-08-03,0.00011666666666666668
2023-08-04,0.0001125
2023-08-07,0.00011361111111111111
2023-08-08,0.00011166666666666665
2023-08-09,0.00011111111111111112
2023-08-10,0.00011361111111111111
2023-08-11,0.00011555555555555555
2023-08-14,0.00011638888888888891
2023-08-15,0.00011694444444444445
2023-08-16,0.0001188888888888889
2023-08-17,0.00011944444444444444
2023-08-18,0.00011833333333333333
2023-08-21,0.00012055555555555555
2023-08-22,0.00012055555555555555
2023-08-23,0.00011638888888888891
2023-08-24,0.00011750000000000001
2023-08-25,0.00011805555555555556
2023-08-28,0.00011666666666666668
2023-08-29,0.00011444444444444444
2023-08-30,0.00011444444444444444
2023-08-31,0.00011361111111111111
2023-09-01,0.0001161111111111111
2023-09-05,0.0001186111111111111
2023-09-06,0.00011944444444444444
2023-09-07,0.0001186111111111111
2023-09-08,0.00011833333333333333
2023-09-11,0.00011916666666666667
2023-09-12,0.0001186111111111111
2023-09-13,0.00011805555555555556
2023-09-14,0.00011916666666666667
2023-09-15,0.00012027777777777777
2023-09-18,0.00012
2023-09-19,0.0001213888888888889
2023-09-20,0.00012083333333333332
2023-09-21,0.00012472222222222222
2023-09-22,0.00012333333333333334
2023-09-25,0.00012638888888888888
2023-09-26,0.00012666666666666666
2023-09-27,0.00012805555555555557
2023-09-28,0.00012749999999999998
2023-09-29,0.00012749999999999998
2023-10-02,0.0001302777777777778
2023-10-03,0.0001336111111111111
2023-10-04,0.0001313888888888889
2023-10-05,0.00013111111111111111
2023-10-06,0.00013277777777777778
2023-10-10,0.00012944444444444445
2023-10-11,0.00012722222222222223
2023-10-12,0.00013055555555555555
2023-10-13,0.0001286111111111111
2023-10-16,0.00013083333333333333
2023-10-17,0.00013416666666666668
2023-10-18,0.0001363888888888889
2023-10-19,0.00013833333333333335
2023-10-20,0.00013694444444444445
2023-10-23,0.000135
2023-10-24,0.00013416666666666668
2023-10-25,0.0001375
2023-10-26,0.000135
2023-10-27,0.00013444444444444444
2023-10-30,0.00013555555555555554
2023-10-31,0.00013555555555555554
2023-11-01,0.00013249999999999997
2023-11-02,0.0001297222222222222
2023-11-03,0.00012694444444444445
2023-11-06,0.0001297222222222222
2023-11-07,0.00012722222222222223
2023-11-08,0.00012472222222222222
2023-11-09,0.00012833333333333333
2023-11-10,0.00012805555555555557
2023-11-13,0.0001286111111111111
2023-11-14,0.00012333333333333334
2023-11-15,0.00012583333333333332
2023-11-16,0.00012361111111111112
2023-11-17,0.00012333333333333334
2023-11-20,0.00012277777777777778
2023-11-21,0.0001225
2023-11-22,0.00012277777777777778
2023-11-24,0.00012416666666666666
2023-11-27,0.00012194444444444443
2023-11-28,0.00012055555555555555
2023-11-29,0.0001186111111111111
2023-11-30,0.0001213888888888889
2023-12-01,0.0001172222222222222
2023-12-04,0.0001188888888888889
2023-12-05,0.0001161111111111111
2023-12-06,0.00011444444444444444
2023-12-07,0.000115
2023-12-08,0.00011750000000000001
2023-12-11,0.00011750000000000001
2023-12-12,0.00011666666666666668
2023-12-13,0.00011222222222222222
2023-12-14,0.00010888888888888889
2023-12-15,0.00010861111111111112
2023-12-18,0.00010972222222222222
2023-12-19,0.00010916666666666667
2023-12-20,0.00010722222222222222
2023-12-21,0.00010805555555555556
2023-12-22,0.00010833333333333333
2023-12-26,0.00010805555555555556
2023-12-27,0.00010527777777777779
2023-12-28,0.00010666666666666665
2023-12-29,0.00010777777777777778
2024-01-02,0.00010972222222222222
2024-01-03,0.00010861111111111112
2024-01-04,0.00011083333333333335
2024-01-05,0.0001125
2024-01-08,0.00011138888888888888
2024-01-09,0.00011166666666666665
2024-01-10,0.00011222222222222222
2024-01-11,0.00011055555555555557
2024-01-12,0.00010999999999999999
2024-01-16,0.00011305555555555556
2024-01-17,0.00011388888888888888
2024-01-18,0.000115
2024-01-19,0.00011527777777777778
2024-01-22,0.00011416666666666669
2024-01-23,0.000115
2024-01-24,0.0001161111111111111
2024-01-25,0.000115
2024-01-26,0.00011527777777777778
2024-01-29,0.00011333333333333334
2024-01-30,0.00011277777777777776
2024-01-31,0.00011083333333333335
2024-02-01,0.0001075
2024-02-02,0.00011194444444444445
2024-02-05,0.00011583333333333333
2024-02-06,0.00011361111111111111
2024-02-07,0.00011361111111111111
2024-02-08,0.00011527777777777778
2024-02-09,0.00011583333333333333
2024-02-12,0.00011583333333333333
2024-02-13,0.00011972222222222222
2024-02-14,0.0001186111111111111
2024-02-15,0.00011777777777777778
2024-02-16,0.00011944444444444444
2024-02-20,0.0001186111111111111
2024-02-21,0.00012
2024-02-22,0.00012027777777777777
2024-02-23,0.00011833333333333333
2024-02-26,0.0001188888888888889
2024-02-27,0.00011972222222222222
2024-02-28,0.0001186111111111111
2024-02-29,0.00011805555555555556
2024-03-01,0.00011638888888888891
2024-03-04,0.0001172222222222222
2024-03-05,0.00011472222222222221
2024-03-06,0.00011416666666666669
2024-03-07,0.00011361111111111111
2024-03-08,0.00011361111111111111
2024-03-11,0.00011388888888888888
2024-03-12,0.00011555555555555555
2024-03-13,0.00011638888888888891
2024-03-14,0.00011916666666666667
2024-03-15,0.00011972222222222222
2024-03-18,0.00012055555555555555
2024-03-19,0.00011944444444444444
2024-03-20,0.0001186111111111111
2024-03-21,0.0001186111111111111
2024-03-22,0.0001172222222222222
2024-03-25,0.00011805555555555556
2024-03-26,0.00011777777777777778
2024-03-27,0.00011666666666666668
2024-03-28,0.00011666666666666668
2024-04-01,0.00012027777777777777
2024-04-02,0.00012111111111111112
2024-04-03,0.00012111111111111112
2024-04-04,0.00011972222222222222
2024-04-05,0.00012194444444444443
2024-04-08,0.00012277777777777778
2024-04-09,0.00012111111111111112
2024-04-10,0.00012638888888888888
2024-04-11,0.00012666666666666666
2024-04-12,0.000125
2024-04-15,0.0001286111111111111
2024-04-16,0.0001297222222222222
2024-04-17,0.00012749999999999998
2024-04-18,0.0001288888888888889
2024-04-19,0.00012833333333333333
2024-04-22,0.00012833333333333333
2024-04-23,0.00012805555555555557
2024-04-24,0.0001291666666666667
2024-04-25,0.00013055555555555555
2024-04-26,0.0001297222222222222
2024-04-29,0.0001286111111111111
2024-04-30,0.0001302777777777778
2024-05-01,0.0001286111111111111
2024-05-02,0.00012722222222222223
2024-05-03,0.000125
2024-05-06,0.00012472222222222222
2024-05-07,0.00012416666666666666
2024-05-08,0.00012444444444444447
2024-05-09,0.00012361111111111112
2024-05-10,0.000125
2024-05-13,0.00012444444444444447
2024-05-14,0.00012361111111111112
2024-05-15,0.00012111111111111112
2024-05-16,0.00012166666666666667
2024-05-17,0.00012277777777777778
2024-05-20,0.00012333333333333334
2024-05-21,0.0001225
2024-05-22,0.00012305555555555556
2024-05-23,0.00012416666666666666
2024-05-24,0.0001238888888888889
2024-05-28,0.00012611111111111113
2024-05-29,0.00012805555555555557
2024-05-30,0.00012638888888888888
2024-05-31,0.00012527777777777778
2024-06-03,0.0001225
2024-06-04,0.00012027777777777777
2024-06-05,0.00011916666666666667
2024-06-06,0.0001188888888888889
2024-06-07,0.00012305555555555556
2024-06-10,0.00012416666666666666
2024-06-11,0.00012194444444444443
2024-06-12,0.00011972222222222222
2024-06-13,0.00011777777777777778
2024-06-14,0.00011666666666666668
2024-06-17,0.0001188888888888889
2024-06-18,0.0001172222222222222
2024-06-20,0.00011805555555555556
2024-06-21,0.00011805555555555556
2024-06-24,0.00011805555555555556
2024-06-25,0.00011750000000000001
2024-06-26,0.00012
2024-06-27,0.00011916666666666667
2024-06-28,0.00012111111111111112
2024-07-01,0.00012444444444444447
2024-07-02,0.00012305555555555556
2024-07-03,0.00012111111111111112
2024-07-05,0.0001188888888888889
2024-07-08,0.0001188888888888889
2024-07-09,0.00011944444444444444
2024-07-10,0.0001188888888888889
2024-07-11,0.00011666666666666668
2024-07-12,0.0001161111111111111
2024-07-15,0.00011750000000000001
2024-07-16,0.00011583333333333333
2024-07-17,0.00011555555555555555
2024-07-18,0.00011666666666666668
2024-07-19,0.00011805555555555556
2024-07-22,0.00011833333333333333
2024-07-23,0.00011805555555555556
2024-07-24,0.0001188888888888889
2024-07-25,0.0001186111111111111
2024-07-26,0.00011666666666666668
2024-07-29,0.00011583333333333333
2024-07-30,0.00011527777777777778
2024-07-31,0.00011361111111111111
2024-08-01,0.00011083333333333335
2024-08-02,0.00010555555555555555
2024-08-05,0.000105
2024-08-06,0.00010833333333333333
2024-08-07,0.00010999999999999999
2024-08-08,0.00011083333333333335
2024-08-09,0.00010944444444444444
2024-08-12,0.00010833333333333333
2024-08-13,0.00010694444444444445
2024-08-14,0.00010638888888888888
2024-08-15,0.00010888888888888889
2024-08-16,0.00010805555555555556
2024-08-19,0.00010722222222222222
2024-08-20,0.0001061111111111111
2024-08-21,0.00010527777777777779
2024-08-22,0.00010722222222222222
2024-08-23,0.00010583333333333334
2024-08-26,0.0001061111111111111
2024-08-27,0.00010638888888888888
2024-08-28,0.00010666666666666665
2024-08-29,0.0001075
2024-08-30,0.00010861111111111112
2024-09-03,0.00010666666666666665
2024-09-04,0.00010472222222222221
2024-09-05,0.00010361111111111111
2024-09-06,0.00010333333333333334
2024-09-09,0.00010277777777777779
2024-09-10,0.00010138888888888889
2024-09-11,0.00010138888888888889
2024-09-12,0.00010222222222222222
2024-09-13,0.00010166666666666667
2024-09-16,0.00010083333333333334
2024-09-17,0.00010138888888888889
2024-09-18,0.00010277777777777779
2024-09-19,0.00010361111111111111
2024-09-20,0.00010361111111111111
2024-09-23,0.00010416666666666666
2024-09-24,0.00010388888888888889
2024-09-25,0.00010527777777777779
2024-09-26,0.00010527777777777779
2024-09-27,0.00010416666666666666
2024-09-30,0.00010583333333333334
2024-10-01,0.00010388888888888889
2024-10-02,0.00010527777777777779
2024-10-03,0.00010694444444444445
2024-10-04,0.00011055555555555557
2024-10-07,0.00011194444444444445
2024-10-08,0.00011222222222222222
2024-10-09,0.00011277777777777776
2024-10-10,0.00011361111111111111
2024-10-11,0.00011333333333333334
2024-10-15,0.00011194444444444445
2024-10-16,0.00011166666666666665
2024-10-17,0.00011361111111111111
2024-10-18,0.00011333333333333334
2024-10-21,0.00011638888888888891
2024-10-22,0.00011666666666666668
2024-10-23,0.00011777777777777778
2024-10-24,0.00011694444444444445
2024-10-25,0.00011805555555555556
2024-10-28,0.0001188888888888889
2024-10-29,0.0001188888888888889
2024-10-30,0.00011916666666666667
2024-10-31,0.0001188888888888889
2024-11-01,0.0001213888888888889
2024-11-04,0.00011972222222222222
2024-11-05,0.00011833333333333333
2024-11-06,0.00012277777777777778
2024-11-07,0.00011972222222222222
2024-11-08,0.00011944444444444444
2024-11-12,0.00012305555555555556
2024-11-13,0.00012333333333333334
2024-11-14,0.00012305555555555556
2024-11-15,0.00012305555555555556
2024-11-18,0.00012277777777777778
2024-11-19,0.00012194444444444443
2024-11-20,0.0001225
2024-11-21,0.00012305555555555556
2024-11-22,0.0001225
2024-11-25,0.0001186111111111111
2024-11-26,0.00011944444444444444
2024-11-27,0.00011805555555555556
2024-11-29,0.0001161111111111111
2024-12-02,0.00011638888888888891
2024-12-03,0.00011750000000000001
2024-12-04,0.00011638888888888891
2024-12-05,0.00011583333333333333
2024-12-06,0.00011527777777777778
2024-12-09,0.00011666666666666668
2024-12-10,0.0001172222222222222
2024-12-11,0.00011833333333333333
2024-12-12,0.00012
2024-12-13,0.00012222222222222224
2024-12-16,0.00012194444444444443
2024-12-17,0.00012222222222222224
2024-12-18,0.000125
2024-12-19,0.00012694444444444445
2024-12-20,0.00012555555555555554
2024-12-23,0.00012749999999999998
2024-12-24,0.00012749999999999998
2024-12-26,0.00012722222222222223
2024-12-27,0.00012833333333333333
2024-12-30,0.00012638888888888888
2024-12-31,0.00012722222222222223
2025-01-02,0.00012694444444444445
2025-01-03,0.00012777777777777776
2025-01-06,0.00012833333333333333
2025-01-07,0.0001297222222222222
2025-01-08,0.0001297222222222222
2025-01-09,0.00013
2025-01-10,0.00013249999999999997
2025-01-13,0.00013305555555555556
2025-01-14,0.00013277777777777778
2025-01-15,0.00012944444444444445
2025-01-16,0.00012805555555555557
2025-01-17,0.00012805555555555557
2025-01-21,0.00012694444444444445
2025-01-22,0.00012777777777777776
2025-01-23,0.0001291666666666667
2025-01-24,0.0001286111111111111
2025-01-27,0.00012583333333333332
2025-01-28,0.00012638888888888888
2025-01-29,0.00012638888888888888
2025-01-30,0.00012555555555555554
2025-01-31,0.00012722222222222223
2025-02-03,0.00012611111111111113
2025-02-04,0.00012555555555555554
2025-02-05,0.00012305555555555556
2025-02-06,0.00012361111111111112
2025-02-07,0.00012472222222222222
2025-02-10,0.00012527777777777778
2025-02-11,0.00012611111111111113
2025-02-12,0.00012833333333333333
2025-02-13,0.00012555555555555554
2025-02-14,0.00012416666666666666
2025-02-18,0.00012638888888888888
2025-02-19,0.00012583333333333332
2025-02-20,0.000125
2025-02-21,0.00012277777777777778
2025-02-24,0.00012222222222222224
2025-02-25,0.00011944444444444444
2025-02-26,0.00011805555555555556
2025-02-27,0.00011916666666666667
2025-02-28,0.00011777777777777778
2025-03-03,0.00011555555555555555
2025-03-04,0.0001172222222222222
2025-03-05,0.0001188888888888889
2025-03-06,0.00011916666666666667
2025-03-07,0.00012
2025-03-10,0.0001172222222222222
2025-03-11,0.0001188888888888889
2025-03-12,0.00012
2025-03-13,0.0001186111111111111
2025-03-14,0.00011972222222222222
2025-03-17,0.00011972222222222222
2025-03-18,0.00011916666666666667
2025-03-19,0.00011805555555555556
2025-03-20,0.00011777777777777778
2025-03-21,0.00011805555555555556
2025-03-24,0.00012055555555555555
2025-03-25,0.00011972222222222222
2025-03-26,0.00012083333333333332
2025-03-27,0.00012166666666666667
2025-03-28,0.0001186111111111111
2025-03-31,0.00011750000000000001
2025-04-01,0.00011583333333333333
2025-04-02,0.00011666666666666668
2025-04-03,0.00011277777777777776
2025-04-04,0.00011138888888888888
2025-04-07,0.00011527777777777778
2025-04-08,0.00011833333333333333
2025-04-09,0.00012055555555555555
2025-04-10,0.00012222222222222224
2025-04-11,0.00012444444444444447
2025-04-14,0.00012166666666666667
2025-04-15,0.00012083333333333332
2025-04-16,0.00011916666666666667
2025-04-17,0.00012055555555555555
2025-04-21,0.00012277777777777778
2025-04-22,0.0001225
2025-04-23,0.00012222222222222224
2025-04-24,0.00012
2025-04-25,0.00011916666666666667
2025-04-28,0.00011750000000000001
2025-04-29,0.00011638888888888891
2025-04-30,0.00011583333333333333
2025-05-01,0.00011805555555555556
2025-05-02,0.00012027777777777777
2025-05-05,0.00012111111111111112
2025-05-06,0.00011944444444444444
2025-05-07,0.00011833333333333333
2025-05-08,0.0001213888888888889
2025-05-09,0.0001213888888888889
2025-05-12,0.00012361111111111112
2025-05-13,0.00012472222222222222
2025-05-14,0.00012583333333333332
2025-05-15,0.00012361111111111112
2025-05-16,0.00012305555555555556
2025-05-19,0.0001238888888888889
2025-05-20,0.00012444444444444447
2025-05-21,0.00012722222222222223
2025-05-22,0.00012611111111111113
2025-05-23,0.00012527777777777778
2025-05-27,0.00012305555555555556
2025-05-28,0.00012416666666666666
2025-05-29,0.00012305555555555556
2025-05-30,0.0001225
2025-06-02,0.0001238888888888889
2025-06-03,0.0001238888888888889
2025-06-04,0.0001213888888888889
2025-06-05,0.00012222222222222224
2025-06-06,0.00012527777777777778
2025-06-09,0.00012472222222222222
2025-06-10,0.00012416666666666666
2025-06-11,0.0001225
2025-06-12,0.00012111111111111112
2025-06-13,0.0001225
2025-06-16,0.0001238888888888889
2025-06-17,0.00012194444444444443
2025-06-18,0.00012166666666666667
2025-06-20,0.00012166666666666667
2025-06-23,0.00012055555555555555
2025-06-24,0.00011944444444444444
2025-06-25,0.00011916666666666667
2025-06-26,0.00011833333333333333
2025-06-27,0.00011916666666666667
2025-06-30,0.00011777777777777778
2025-07-01,0.00011833333333333333
2025-07-02,0.00011944444444444444
2025-07-03,0.00012083333333333332
